vdcond,resrelq,preinf,intagea,intgndr,resundq,resbab,proddate,cntry,idno,prewhp,presd,preppil,preorel,prenrel,predk,prenap,prena,intlnga,intnum
face-to-face,1,child,40,male,0,1,2024-11-16,IT,17654,1,0,0,1,0,0,1,1,NOR,5876
face-to-face,1,spouse,46,female,1,1,2024-10-08,AT,39791,0,0,1,1,0,0,0,1,NOR,1540
face-to-face,2,parent,63,female,0,0,2022-02-12,IT,31976,0,0,0,0,1,1,0,1,ENG,3682
face-to-face,2,other,78,female,0,1,2023-09-09,GB,73290,1,1,1,1,0,1,0,1,ENG,1612
telephone,2,other,37,male,0,1,2022-04-22,DK,20432,1,1,0,1,0,0,1,0,SPA,3964
telephone,1,child,58,female,1,1,2022-07-09,SE,15989,1,0,0,1,0,0,0,1,FRE,3256
telephone,2,parent,32,male,0,0,2024-11-03,DK,80148,1,0,0,1,1,1,0,1,ENG,7924
face-to-face,2,none,47,female,0,0,2023-09-28,NO,35834,0,1,0,1,1,1,0,1,FRE,5032
online,1,parent,25,female,0,0,2022-11-21,NL,46119,1,1,0,0,1,0,1,1,FRE,5041
online,1,other,74,female,0,1,2024-01-10,NL,69915,1,0,0,0,1,1,1,0,ITA,8939
face-to-face,2,parent,50,male,1,1,2024-06-28,IE,96237,1,0,0,0,0,1,1,1,GER,3561
face-to-face,2,parent,68,male,0,1,2024-11-07,AT,38969,1,1,1,1,0,0,1,0,GER,7239
telephone,1,none,26,male,1,1,2024-02-05,SE,34214,1,0,0,0,1,0,0,0,ENG,4240
telephone,1,none,27,female,0,1,2023-05-11,FI,15734,1,1,0,1,1,1,0,1,ENG,6092
telephone,2,parent,24,male,1,0,2023-12-26,BE,85284,0,1,0,1,0,1,0,0,ENG,1385
online,1,spouse,36,female,0,0,2022-03-11,CH,86259,1,1,1,1,0,0,1,0,FRE,5871
online,1,parent,39,male,0,1,2024-08-29,GB,66718,1,1,1,1,0,0,0,1,NOR,4179
face-to-face,2,spouse,80,female,1,1,2023-09-18,AT,68903,1,1,0,0,0,1,1,0,ENG,4341
face-to-face,1,spouse,67,female,0,1,2023-11-21,BE,77260,1,1,0,0,1,1,0,0,FRE,8767
online,2,spouse,20,female,0,1,2024-08-26,FR,91122,0,1,1,0,0,0,0,0,GER,3112
face-to-face,1,other,46,female,1,0,2022-09-01,DE,47885,1,1,1,0,1,0,0,0,GER,7930
online,1,child,64,male,1,0,2024-09-03,CH,39836,0,0,1,1,0,0,1,0,SPA,5732
face-to-face,2,child,76,female,0,0,2022-07-14,NO,54142,0,1,1,1,0,1,0,1,FRE,8098
face-to-face,1,parent,53,female,0,0,2022-05-23,ES,47730,1,1,0,1,0,1,0,1,GER,5041
telephone,2,parent,65,male,1,0,2023-09-13,GB,75504,1,1,0,1,0,1,1,0,NOR,9518
online,2,child,62,female,1,1,2022-12-22,IE,90336,1,0,1,0,1,1,1,1,ENG,5459
telephone,1,child,31,male,1,1,2024-08-02,FR,26302,1,1,0,1,0,1,0,1,FRE,4012
face-to-face,1,spouse,69,female,1,0,2023-10-04,GB,45414,0,0,1,1,0,0,1,0,ITA,7288
telephone,2,other,34,female,1,1,2024-05-04,NO,44636,1,1,1,1,0,1,0,0,ITA,3641
telephone,2,spouse,67,female,1,0,2022-09-15,ES,39141,0,0,1,1,0,0,1,1,FRE,5446
online,1,other,60,male,0,0,2022-03-08,CH,68542,0,0,1,0,0,0,1,0,FRE,4680
online,1,spouse,61,female,1,1,2024-10-16,IT,32761,0,1,0,1,0,0,0,1,ITA,6394
telephone,2,parent,19,male,0,1,2024-02-29,AT,67843,1,0,1,1,1,1,0,0,FRE,7436
telephone,1,spouse,53,female,0,1,2023-10-05,SE,33626,0,0,1,0,1,1,1,1,GER,7181
telephone,1,child,36,male,1,1,2024-06-01,FI,71394,0,0,1,1,1,1,1,0,FRE,5585
telephone,1,spouse,74,male,1,1,2022-05-29,AT,69596,1,0,1,0,1,1,1,1,ENG,7644
face-to-face,1,none,74,female,1,0,2022-04-25,SE,91152,0,1,0,1,0,1,0,0,FRE,3764
face-to-face,2,other,66,female,0,0,2023-09-29,NL,81199,0,0,0,0,0,1,1,0,GER,7453
telephone,2,none,53,male,0,0,2022-06-10,SE,64404,0,1,1,1,1,1,1,0,FRE,2551
telephone,2,spouse,53,male,1,1,2024-12-06,NO,46318,1,0,0,0,0,1,0,0,SPA,2658
online,2,none,75,male,0,1,2024-12-15,GB,16416,0,0,0,0,0,1,0,0,SPA,1278
online,2,parent,59,female,1,0,2023-11-06,CH,34379,1,1,0,0,0,0,1,0,NOR,7468
face-to-face,2,none,39,female,0,1,2024-11-13,CH,38980,1,1,0,0,0,0,1,0,FRE,9573
face-to-face,1,parent,31,female,0,1,2024-06-19,NO,26812,1,1,1,1,1,0,0,0,SPA,4157
telephone,1,parent,58,male,1,0,2022-01-15,ES,47718,1,0,1,0,1,0,1,1,ENG,6172
telephone,1,spouse,72,female,0,1,2023-03-31,FI,27078,0,1,0,0,1,1,0,0,GER,2710
telephone,2,parent,59,male,0,0,2023-02-04,FR,48539,1,0,1,1,1,0,1,1,FRE,9610
telephone,2,none,28,female,1,0,2023-05-22,BE,22343,1,0,0,0,1,0,0,1,ITA,2744
telephone,1,other,22,female,1,1,2024-11-27,DE,89533,0,0,1,0,0,1,1,1,GER,7407
online,2,child,78,male,0,1,2022-01-18,AT,61745,0,1,0,1,1,0,1,0,GER,1660
telephone,2,other,71,female,0,0,2024-11-19,SE,74618,1,1,1,1,1,1,1,0,FRE,5476
face-to-face,1,none,26,female,0,1,2022-06-16,NO,25885,0,0,1,0,1,0,0,0,SPA,6064
telephone,1,spouse,18,male,1,1,2023-12-22,DE,64418,0,0,1,0,0,1,0,1,NOR,2279
online,2,other,25,male,0,0,2023-01-28,BE,35865,0,0,1,0,1,1,0,1,SPA,2258
telephone,1,parent,21,female,0,0,2024-05-07,IE,13388,1,0,1,1,0,1,1,1,NOR,6323
telephone,2,other,46,female,0,1,2024-11-14,PT,74413,1,1,1,0,0,0,0,1,FRE,4092
telephone,2,child,70,male,0,1,2022-11-26,FR,48865,0,1,0,0,0,0,1,0,SPA,8342
face-to-face,2,parent,60,female,1,1,2023-10-03,BE,68790,0,1,1,1,0,0,0,1,ENG,4497
face-to-face,1,child,54,male,1,1,2024-07-10,CH,33199,0,1,0,0,1,1,0,0,ENG,1118
face-to-face,1,other,75,female,1,0,2023-03-14,FI,32158,1,1,1,0,1,1,0,0,NOR,9448
online,1,spouse,43,male,0,0,2024-09-24,DK,90604,1,0,0,1,0,1,0,0,FRE,1750
face-to-face,1,parent,20,female,0,1,2023-07-16,BE,35071,1,1,0,0,0,1,1,0,NOR,4531
telephone,1,child,69,male,1,1,2023-08-10,CH,37523,1,1,1,0,1,1,0,0,ITA,1488
face-to-face,2,child,77,female,0,1,2023-05-15,DE,80661,1,0,1,1,0,1,1,0,ENG,4320
face-to-face,2,parent,22,male,1,0,2024-06-30,ES,65019,1,1,0,1,1,0,0,0,SPA,8507
face-to-face,1,none,57,male,1,1,2023-02-05,AT,43776,1,0,1,0,1,1,1,1,GER,1574
online,1,parent,32,female,1,0,2024-11-04,BE,46088,1,1,0,0,0,0,1,0,GER,6314
online,1,child,31,female,0,0,2022-10-17,IE,60714,1,1,0,0,1,1,1,1,FRE,5519
face-to-face,2,child,35,male,1,1,2023-05-04,IE,41126,0,1,0,1,1,0,1,1,FRE,2222
face-to-face,2,spouse,30,male,0,0,2023-07-03,GB,25803,1,1,1,0,1,1,1,0,ITA,3416
telephone,1,spouse,75,male,1,0,2024-09-19,AT,25459,0,1,0,1,0,1,0,0,GER,3117
face-to-face,1,child,45,female,0,0,2022-06-17,IT,29018,0,1,1,1,1,1,1,0,ITA,3578
telephone,2,other,42,male,0,0,2024-06-03,IT,15072,0,0,1,1,1,0,0,0,ENG,5983
telephone,2,parent,20,female,0,1,2023-11-13,DE,16765,1,0,0,0,0,0,0,1,FRE,2321
telephone,2,child,65,female,0,0,2024-09-16,NO,90234,1,1,1,0,1,0,1,1,ENG,9529
face-to-face,1,parent,52,female,0,1,2023-02-19,CH,31862,1,1,0,0,0,1,0,0,GER,9561
telephone,1,other,69,male,1,0,2022-12-15,NO,32440,1,1,1,1,1,1,0,1,NOR,6815
face-to-face,1,other,26,male,0,1,2022-09-17,GB,33006,1,0,1,1,1,1,0,1,SPA,6873
telephone,1,parent,60,female,1,0,2022-12-05,ES,68502,1,1,0,0,0,0,1,1,FRE,1870
online,2,none,59,female,0,1,2022-10-06,IE,16582,1,1,1,0,0,1,0,1,ITA,1816
face-to-face,1,parent,25,male,0,0,2022-11-22,PT,35418,0,1,1,1,1,1,1,1,ITA,7315
face-to-face,1,spouse,37,male,1,0,2023-09-27,DE,11249,0,1,0,0,1,0,1,0,SPA,5166
online,2,spouse,70,male,0,0,2022-08-02,IE,15324,0,0,1,1,1,1,0,1,NOR,8837
telephone,2,child,31,male,0,1,2023-05-13,CH,49020,1,0,1,1,0,0,1,0,NOR,7875
telephone,1,parent,57,female,1,0,2024-07-21,FI,85055,1,0,0,0,0,0,0,1,SPA,5365
online,1,spouse,20,female,0,1,2022-10-10,IE,98002,1,0,0,0,1,0,1,1,ENG,3010
face-to-face,1,other,78,female,0,0,2022-07-15,FR,43282,1,1,1,1,1,1,1,1,SPA,8737
face-to-face,2,child,33,male,0,1,2023-03-05,ES,68048,0,0,0,0,1,0,1,1,ITA,1489
telephone,1,parent,26,female,0,1,2024-10-13,FR,55341,1,1,1,1,1,1,0,0,ITA,1011
online,2,none,26,female,1,0,2024-12-18,IT,24288,1,1,1,1,0,0,0,1,NOR,3020
telephone,2,none,33,male,0,0,2023-08-15,NL,54909,1,1,1,1,1,0,1,0,FRE,9370
face-to-face,1,spouse,80,male,1,1,2024-05-02,IT,92735,0,1,1,1,0,0,0,0,NOR,9740
face-to-face,2,other,50,male,0,0,2022-05-03,FI,50853,1,0,1,0,0,0,0,0,NOR,9858
face-to-face,1,spouse,31,female,0,0,2023-09-24,PT,40970,0,0,0,0,1,0,0,0,GER,2673
face-to-face,2,none,42,female,1,0,2023-05-11,AT,86606,0,1,0,0,1,1,0,0,GER,3360
face-to-face,2,spouse,20,female,1,1,2024-07-15,CH,84642,0,0,0,0,0,1,0,1,ITA,2637
telephone,1,parent,56,male,1,1,2022-09-28,NL,58397,1,0,0,1,0,1,1,0,SPA,3298
online,1,child,25,female,1,1,2023-08-22,FR,50752,0,1,1,0,1,1,0,1,NOR,3494
face-to-face,1,other,22,male,0,1,2024-02-03,FI,18796,1,0,1,0,0,0,1,0,SPA,1402
telephone,1,none,39,female,0,0,2024-04-18,CH,21655,1,1,1,1,0,0,0,0,ENG,7197
face-to-face,1,spouse,21,female,0,1,2023-04-05,BE,78715,0,0,0,1,0,1,1,0,ENG,5351
online,1,none,26,male,0,1,2024-05-25,NO,45749,1,1,0,1,1,0,1,0,ENG,4095
telephone,1,other,46,female,1,0,2022-07-29,CH,63468,1,0,0,0,1,0,1,0,FRE,3474
face-to-face,1,child,66,female,0,0,2024-12-31,NO,15876,0,1,1,1,0,0,1,0,FRE,4462
face-to-face,2,child,66,male,1,0,2024-02-04,NL,79158,1,1,1,1,0,1,1,1,FRE,9413
telephone,1,other,22,male,0,0,2024-09-17,FR,78726,0,1,1,0,0,1,0,0,ENG,1428
face-to-face,1,other,60,male,0,0,2024-03-31,DE,41906,1,1,1,1,1,0,1,1,GER,9746
face-to-face,2,none,65,female,1,1,2023-11-11,DE,92564,0,0,1,0,0,0,0,1,NOR,1702
online,2,none,28,male,0,0,2022-11-22,BE,69447,0,0,1,0,0,1,0,0,GER,8598
telephone,1,parent,75,female,1,1,2023-05-23,NL,59412,0,0,1,1,0,1,0,0,ENG,7371
online,2,other,66,male,0,1,2022-05-13,SE,54192,1,1,0,1,1,1,0,1,ITA,5754
telephone,1,child,62,male,0,0,2024-05-20,NL,99359,0,1,1,0,0,1,0,0,ITA,5701
telephone,1,parent,25,female,1,1,2023-05-28,ES,54619,1,0,1,1,1,0,1,0,NOR,3239
face-to-face,1,none,30,male,1,0,2023-05-20,ES,57791,1,1,0,1,1,0,0,1,GER,3752
online,1,child,59,male,1,0,2022-05-09,NL,30063,1,0,1,1,0,1,1,1,FRE,7157
face-to-face,2,child,31,male,0,0,2024-01-06,DE,47207,1,1,1,0,1,1,1,1,NOR,8413
face-to-face,2,spouse,54,male,0,0,2022-05-31,AT,85115,1,1,1,0,0,1,1,0,ITA,8071
face-to-face,1,child,41,male,0,1,2024-11-21,CH,32173,1,1,1,1,1,1,0,1,ENG,3111
online,1,none,39,male,0,1,2024-03-01,PT,23324,1,1,1,0,0,1,0,1,GER,5454
online,2,other,38,female,0,0,2023-09-19,FR,21906,1,1,0,1,1,0,1,1,SPA,1776
face-to-face,1,child,47,female,0,1,2023-04-06,FI,44314,1,1,0,1,1,0,1,0,GER,5607
telephone,2,none,44,male,0,0,2022-07-03,GB,22634,0,0,1,0,1,0,0,1,GER,4865
telephone,1,child,70,female,0,1,2023-07-30,SE,44697,0,0,1,0,1,0,0,1,FRE,5193
online,1,other,33,female,0,1,2023-03-19,DK,72894,1,0,1,1,0,1,0,1,ENG,7877
telephone,1,other,31,female,1,1,2022-08-11,DE,90674,1,0,0,0,0,0,0,1,ENG,7217
online,2,child,29,female,0,1,2023-09-02,AT,92163,0,0,1,0,1,1,0,0,ENG,7026
online,1,parent,26,male,0,0,2022-07-14,BE,44491,0,1,0,1,1,1,1,1,ENG,9170
telephone,1,none,33,female,0,0,2024-12-06,IE,99618,1,1,1,0,0,0,0,1,GER,6300
face-to-face,2,none,51,female,0,1,2023-08-04,NO,73124,0,0,0,1,0,0,1,1,ITA,4894
face-to-face,2,other,62,female,0,0,2022-03-09,AT,56908,0,1,1,0,1,1,0,0,ENG,7071
telephone,2,child,37,male,0,1,2024-01-24,IT,35241,0,1,0,1,0,1,0,0,GER,4572
face-to-face,1,none,30,male,0,0,2023-08-16,SE,15588,0,0,1,1,0,1,1,1,GER,3254
telephone,1,child,76,female,0,0,2024-06-14,CH,42632,1,0,1,1,1,0,1,1,SPA,3504
online,2,spouse,36,female,0,0,2024-10-07,PT,12365,0,0,0,1,1,0,0,0,NOR,2818
telephone,1,other,37,female,1,1,2024-03-10,NL,19806,1,1,1,0,0,1,0,0,NOR,1784
telephone,1,parent,76,male,1,0,2023-07-15,DE,84178,1,1,0,1,1,1,0,0,SPA,2112
telephone,2,other,77,male,1,0,2024-01-12,CH,42191,1,1,1,1,1,0,1,1,NOR,7887
telephone,1,none,71,female,0,0,2024-01-16,NO,60382,1,1,0,1,0,0,1,1,NOR,5420
telephone,1,spouse,54,female,1,1,2023-06-05,ES,77810,0,1,0,0,0,0,0,1,ITA,6209
online,1,child,45,male,0,0,2024-11-28,DK,63932,0,0,0,0,0,1,0,1,FRE,4511
telephone,2,none,29,male,1,0,2024-07-26,DE,30505,0,1,0,1,0,0,0,0,GER,4033
online,1,spouse,44,female,1,0,2022-10-13,PT,92376,0,1,1,1,0,0,1,0,SPA,1802
telephone,2,child,21,female,1,1,2024-01-27,SE,38412,1,1,1,0,0,0,0,0,ENG,9918
telephone,2,parent,78,female,0,1,2024-01-04,BE,78956,1,0,0,0,1,1,0,1,NOR,4802
online,2,child,18,male,0,1,2023-12-06,CH,22558,0,1,0,0,0,0,0,1,NOR,6392
telephone,1,spouse,78,male,1,1,2024-09-09,ES,40432,0,1,0,0,0,0,0,1,FRE,7859
telephone,2,child,38,female,0,0,2024-11-22,GB,64269,0,1,1,1,0,1,1,0,GER,7617
face-to-face,1,child,43,female,1,1,2022-02-08,ES,15177,0,0,0,1,1,0,1,1,NOR,4927
face-to-face,2,child,66,male,1,0,2022-05-28,DE,65645,1,0,1,1,0,0,0,1,ITA,1193
telephone,2,parent,75,male,1,1,2022-07-17,NO,39646,1,0,0,0,0,0,1,1,SPA,4843
telephone,2,child,52,male,0,1,2022-11-26,NO,84279,1,0,0,0,1,1,0,0,SPA,4239
face-to-face,1,none,41,female,0,1,2024-07-10,AT,72052,0,0,1,0,0,0,0,1,ITA,3281
online,2,none,67,female,0,1,2023-01-27,DE,96729,0,0,1,0,1,1,1,0,SPA,2970
face-to-face,1,parent,53,female,0,0,2022-03-12,FI,58534,1,0,1,0,0,1,1,1,SPA,4664
telephone,2,spouse,54,female,1,1,2023-10-17,FR,98339,0,0,1,0,0,0,0,0,ENG,9850
telephone,1,spouse,65,female,0,0,2024-05-27,NL,89343,1,0,1,1,0,1,0,1,ITA,7947
telephone,2,none,74,female,1,0,2024-07-04,BE,77376,1,1,0,1,1,1,0,1,ITA,2875
telephone,1,child,26,female,0,0,2024-10-06,NO,17021,1,1,0,1,1,0,1,0,FRE,9533
online,2,other,36,female,1,0,2023-01-15,PT,10475,1,0,0,0,1,0,0,0,NOR,9869
online,2,child,58,male,0,1,2022-12-25,SE,61209,1,0,1,1,0,1,0,0,NOR,1142
telephone,2,none,51,male,0,0,2024-10-02,CH,87456,1,0,1,1,1,0,1,1,ENG,8108
face-to-face,1,parent,51,male,1,0,2023-08-14,FI,65806,0,1,1,1,0,0,0,1,FRE,8778
telephone,1,none,37,male,0,1,2022-03-12,IE,74925,0,1,1,1,1,1,0,1,ITA,5009
face-to-face,2,child,25,female,0,1,2024-04-29,AT,88687,1,0,0,1,0,0,1,0,ENG,1716
telephone,1,other,49,male,0,0,2022-07-23,NO,44677,1,1,0,1,1,1,0,0,ENG,6501
face-to-face,2,child,29,female,1,1,2023-10-23,NO,94702,1,0,0,1,1,0,1,1,SPA,3220
face-to-face,1,other,27,female,0,1,2022-10-23,BE,14682,1,0,0,0,0,1,1,0,SPA,4078
face-to-face,2,none,21,female,0,1,2024-10-15,DK,12080,1,0,1,1,0,1,0,1,SPA,7889
online,1,none,52,male,1,0,2023-11-12,IT,42369,0,0,1,0,0,0,0,1,GER,3764
telephone,1,child,71,male,1,1,2023-09-28,GB,17786,0,0,0,0,1,1,0,0,GER,4406
telephone,1,spouse,25,female,1,1,2024-08-18,AT,61815,0,0,0,0,0,0,1,0,ENG,7784
telephone,1,parent,63,male,0,1,2022-06-26,GB,68450,0,1,0,1,0,1,0,0,ITA,1601
face-to-face,1,parent,69,female,0,1,2023-04-01,ES,67123,0,1,1,0,0,1,0,0,NOR,3224
face-to-face,2,child,65,female,0,1,2023-10-12,PT,52367,0,0,1,1,0,0,0,0,NOR,7267
online,2,none,48,female,1,1,2023-10-10,IE,94767,0,0,1,0,1,1,0,1,FRE,3123
telephone,1,child,77,male,1,0,2022-03-19,AT,64373,0,0,0,0,0,1,0,0,SPA,2972
telephone,1,none,42,female,1,0,2022-06-13,CH,77576,0,1,0,1,0,0,0,0,SPA,6791
online,1,child,51,female,0,0,2023-09-17,IT,68560,0,1,1,1,0,0,1,0,ENG,5114
online,2,child,44,male,1,0,2023-04-17,NO,39776,1,1,0,1,0,0,1,0,SPA,9501
face-to-face,1,other,72,male,0,1,2024-09-13,DK,49327,0,0,1,0,1,1,0,1,GER,7218
online,2,parent,32,female,0,1,2022-12-29,SE,78173,1,0,1,1,0,0,1,0,SPA,3754
telephone,1,other,21,female,1,0,2022-11-02,GB,26194,1,0,1,1,0,1,0,1,NOR,9974
face-to-face,1,none,64,female,0,0,2023-09-25,FR,31236,1,0,1,1,0,0,0,1,GER,6343
online,1,child,67,female,0,1,2024-02-16,BE,73504,0,0,1,1,1,1,0,0,NOR,9753
online,1,child,64,female,1,0,2022-07-23,IT,14381,1,1,1,1,1,0,1,0,SPA,5885
telephone,1,other,74,female,0,0,2023-02-26,NO,86364,0,1,1,1,1,0,0,0,NOR,3799
online,1,spouse,41,female,1,0,2023-06-10,ES,49602,1,1,1,1,1,1,1,1,ENG,4712
face-to-face,1,none,25,male,1,0,2023-08-28,NL,49256,1,1,0,0,0,1,1,0,NOR,5822
face-to-face,1,other,54,female,1,0,2024-07-04,NO,37151,0,1,0,0,0,1,1,0,FRE,7820
face-to-face,2,child,66,male,0,1,2024-03-22,IE,61213,0,0,1,0,0,0,0,1,SPA,8848
telephone,1,spouse,61,male,0,0,2024-07-20,IT,34624,0,1,1,0,0,1,1,0,ENG,2328
face-to-face,2,parent,18,male,0,1,2024-07-14,ES,35914,0,1,1,1,1,0,0,0,NOR,4840
online,2,parent,43,male,1,0,2024-10-01,CH,85263,1,0,1,0,0,0,0,1,GER,8939
telephone,2,spouse,56,female,0,0,2023-05-15,GB,70109,0,0,1,0,1,1,1,1,FRE,8923
online,2,parent,77,male,0,0,2022-10-26,DE,11672,0,0,1,0,1,1,1,0,ITA,4711
face-to-face,2,spouse,55,male,1,0,2022-10-01,DK,98299,1,0,1,1,0,1,0,0,ENG,6946
face-to-face,2,child,37,male,0,0,2023-08-14,IE,86316,0,1,0,1,1,0,0,1,NOR,7687
face-to-face,2,parent,73,male,1,0,2024-03-28,DK,99108,0,0,0,1,1,0,0,0,SPA,4090
face-to-face,1,other,47,female,1,1,2022-08-26,DE,17273,1,0,1,0,1,0,1,0,ENG,5750
face-to-face,2,spouse,40,female,0,0,2022-11-06,IE,23584,1,0,0,0,0,0,1,0,FRE,9965
telephone,2,parent,76,male,0,1,2023-03-24,FR,25464,1,1,0,1,0,0,1,0,ITA,6512
online,2,other,63,female,1,0,2022-08-25,NL,23264,1,0,0,0,0,1,0,1,SPA,3649
online,2,spouse,45,female,1,0,2024-11-23,BE,56653,1,0,1,1,1,1,1,0,SPA,1172
online,2,other,65,female,0,0,2024-12-14,FI,11120,0,1,0,1,0,1,0,0,ENG,8391
face-to-face,2,spouse,70,male,0,1,2023-11-08,ES,70748,1,1,1,1,1,1,0,0,GER,1408
face-to-face,2,parent,38,female,0,0,2023-03-02,FI,15692,0,0,0,0,0,0,1,0,NOR,3690
face-to-face,1,other,78,male,1,1,2022-02-13,AT,54566,1,0,0,1,0,0,0,1,FRE,7539
telephone,2,other,38,female,1,0,2023-04-06,DE,17990,0,1,0,1,1,1,0,1,FRE,2707
online,2,none,23,male,1,0,2024-12-04,FI,64719,0,0,1,0,0,1,0,0,NOR,6035
online,1,parent,31,male,1,1,2024-05-30,FI,25633,0,1,1,1,0,1,0,0,NOR,8023
face-to-face,2,spouse,36,female,1,0,2024-03-04,AT,60752,0,1,0,0,0,0,0,0,ENG,1232
online,2,other,75,male,0,0,2022-12-08,NO,79099,1,1,1,0,0,1,1,0,SPA,5693
telephone,2,none,50,male,0,1,2023-12-09,BE,60421,1,0,0,0,0,0,1,0,SPA,9245
online,1,spouse,33,male,0,0,2022-02-11,ES,86265,1,0,1,1,0,1,0,1,FRE,3386
telephone,2,child,63,male,0,1,2023-01-29,IE,18106,0,0,1,0,1,1,1,1,ENG,2109
online,2,spouse,66,male,1,1,2024-05-14,NO,45584,0,1,0,0,0,0,1,0,SPA,2576
online,2,other,75,male,0,0,2024-06-20,NL,76888,0,0,1,0,1,0,1,1,ENG,3633
face-to-face,2,spouse,18,female,1,1,2024-08-12,PT,25917,0,0,0,0,0,0,0,1,SPA,3168
face-to-face,1,none,44,female,0,1,2024-09-30,DK,89021,0,1,0,1,0,0,0,1,ITA,6089
face-to-face,1,parent,59,female,1,1,2024-03-25,NL,84086,0,1,1,0,1,0,1,1,SPA,1531
online,1,child,64,female,0,1,2023-01-14,FI,47640,0,1,0,0,1,1,0,1,FRE,9167
telephone,2,other,73,female,0,0,2023-10-24,NO,72750,0,1,0,0,1,0,1,0,GER,4456
face-to-face,2,other,37,male,1,0,2022-06-19,NO,77780,0,0,0,1,0,0,1,1,SPA,9356
online,1,spouse,60,female,0,0,2023-01-15,SE,12857,1,1,0,0,1,0,0,1,ENG,2573
online,2,parent,21,male,0,0,2023-06-27,IE,20415,0,1,0,1,0,1,0,0,ENG,8298
face-to-face,2,parent,69,female,1,1,2024-09-17,FI,35891,0,1,1,0,0,0,1,0,SPA,8719
face-to-face,1,parent,27,female,0,1,2023-06-25,ES,40419,1,0,1,0,1,1,1,1,ITA,1586
face-to-face,1,spouse,57,male,0,0,2023-01-16,ES,72224,0,0,0,0,1,1,1,1,ITA,5894
telephone,1,parent,19,male,1,1,2022-08-09,NL,96818,1,0,1,1,1,1,0,0,ITA,4222
face-to-face,2,child,23,male,1,1,2024-01-27,NO,65765,0,1,0,0,1,1,0,1,ENG,5102
face-to-face,1,child,50,male,1,0,2024-12-19,NL,12185,1,0,1,0,1,1,1,0,ENG,1277
telephone,2,child,74,male,0,0,2023-07-02,DK,31271,0,1,1,1,0,1,1,0,ENG,7638
online,1,other,20,male,0,0,2024-06-18,IE,31043,0,0,0,0,1,1,1,0,GER,1614
face-to-face,2,none,62,female,0,1,2023-04-08,PT,19290,1,0,0,1,1,0,1,1,FRE,8869
telephone,2,spouse,45,female,1,0,2022-07-22,SE,99198,0,1,0,0,0,0,1,1,ENG,1231
telephone,2,child,42,male,0,1,2023-09-20,ES,81457,0,1,1,0,0,1,0,1,ITA,2061
telephone,2,child,71,male,0,0,2022-12-26,CH,23407,0,0,0,1,1,0,0,1,NOR,5311
telephone,1,child,18,male,1,0,2023-10-19,PT,36241,1,0,1,0,0,1,1,0,GER,4274
online,1,none,32,female,0,0,2023-05-31,AT,60601,1,1,1,1,0,0,0,1,FRE,8750
telephone,2,parent,70,male,1,0,2022-07-23,IT,76326,1,1,0,0,1,0,0,0,ITA,2138
online,2,spouse,30,male,0,0,2024-10-28,CH,62250,1,1,0,1,1,1,1,1,ENG,5708
telephone,2,child,80,male,1,1,2022-07-18,FI,81841,1,1,0,1,0,0,0,1,ITA,1100
face-to-face,2,spouse,64,male,1,0,2022-11-10,AT,95976,0,1,0,1,1,1,1,1,ENG,3326
face-to-face,1,other,37,female,1,0,2023-12-14,FR,34204,1,0,1,1,0,0,0,0,GER,6045
online,1,spouse,78,male,1,0,2023-05-08,CH,41688,1,1,0,0,1,0,0,0,SPA,4275
online,2,none,31,female,0,0,2023-08-27,IE,84593,1,1,0,1,1,1,0,0,FRE,9936
face-to-face,2,child,51,female,1,1,2023-10-22,BE,82953,1,0,0,1,0,1,1,1,GER,8497
telephone,2,child,35,male,1,0,2023-03-08,CH,21419,1,0,1,0,1,1,0,0,NOR,6209
face-to-face,1,parent,49,female,1,1,2022-12-15,PT,23025,1,1,0,0,1,1,0,1,NOR,9710
telephone,2,parent,53,female,1,1,2024-01-30,NO,86520,0,0,1,1,0,0,0,1,GER,9026
face-to-face,2,other,63,male,0,0,2022-03-29,SE,45594,0,0,1,0,1,1,1,0,NOR,4496
telephone,2,other,62,male,1,1,2024-10-25,NO,20176,1,0,0,1,0,0,1,1,GER,4953
face-to-face,1,other,63,female,0,0,2024-01-07,IT,88041,0,0,1,0,1,0,0,0,GER,5228
online,1,parent,65,female,1,0,2023-11-01,BE,87748,0,0,0,0,1,1,1,0,SPA,4332
telephone,2,spouse,70,female,1,0,2022-09-19,SE,43095,1,1,1,0,1,1,1,0,GER,4155
online,1,parent,69,female,0,1,2023-02-10,IT,80876,1,0,1,0,1,1,1,0,FRE,9332
telephone,1,none,57,female,1,1,2023-02-10,DK,41808,0,1,0,0,0,1,1,1,SPA,3751
telephone,1,other,74,female,0,0,2022-09-05,DK,79052,1,1,1,1,0,0,0,1,FRE,4716
telephone,2,child,62,male,1,1,2022-03-30,AT,50151,0,1,1,1,1,1,0,1,NOR,8807
online,2,child,53,male,0,0,2024-01-07,BE,25458,0,1,0,0,0,1,0,1,ENG,4068
face-to-face,1,none,22,female,0,1,2024-02-27,BE,76894,1,0,0,0,1,1,1,0,ENG,2274
online,1,other,29,female,0,1,2024-11-30,CH,29593,0,1,1,1,0,0,0,1,ITA,2115
face-to-face,1,other,34,male,0,1,2023-10-02,GB,24027,1,0,0,1,0,0,1,0,ENG,2789
online,1,child,40,male,0,0,2022-02-03,PT,11835,0,0,0,1,1,0,0,0,ENG,3450
telephone,1,none,38,male,1,0,2022-08-27,BE,47840,1,1,0,1,1,1,0,1,NOR,9048
face-to-face,2,child,40,female,1,1,2022-10-22,GB,46240,0,1,0,0,1,0,0,0,ENG,4068
telephone,2,other,21,female,1,1,2023-12-02,FI,86801,0,1,1,0,0,1,1,0,NOR,7485
telephone,2,child,31,male,1,0,2022-07-30,FR,27439,0,0,1,1,1,1,1,1,SPA,7303
telephone,1,parent,33,female,0,1,2023-05-07,SE,17878,1,0,1,1,1,1,1,0,ITA,4000
face-to-face,1,parent,68,male,0,0,2023-09-15,IT,46592,1,0,0,0,1,0,1,1,GER,7694
online,1,parent,54,female,1,1,2023-09-11,GB,74789,0,1,0,0,0,1,1,0,GER,3883
telephone,2,spouse,53,female,1,0,2023-03-25,BE,63987,1,1,0,1,1,0,0,0,GER,6643
telephone,2,parent,43,female,0,1,2023-12-16,NO,98406,1,1,0,1,0,1,1,0,ENG,7947
face-to-face,1,none,79,male,0,0,2022-11-10,PT,10994,1,0,1,0,0,0,0,1,FRE,9765
online,1,spouse,43,male,0,0,2024-01-22,NL,60196,1,0,1,1,0,0,1,1,ITA,3783
online,1,spouse,46,male,1,1,2022-09-06,DE,88851,1,0,1,1,0,0,1,1,GER,6196
telephone,2,child,18,female,1,1,2022-01-11,IT,72494,0,0,0,0,1,1,0,1,NOR,4496
online,1,other,28,male,0,1,2022-11-10,GB,70342,1,0,1,1,0,1,0,0,NOR,7688
face-to-face,2,child,24,female,1,1,2023-05-25,CH,14081,1,1,0,0,1,1,1,0,GER,1220
online,1,none,33,male,1,1,2023-01-01,FR,72071,0,1,0,0,0,1,0,1,ENG,1754
online,1,spouse,58,male,1,1,2022-08-31,DK,89257,1,1,1,1,1,1,1,0,GER,1071
face-to-face,2,other,74,female,0,1,2022-06-02,SE,30647,1,0,0,0,1,1,0,1,ENG,4839
telephone,2,parent,61,male,0,0,2022-07-19,PT,32496,0,0,1,1,0,1,1,0,FRE,6461
telephone,2,none,41,male,0,1,2023-01-22,GB,69832,0,0,1,0,1,1,0,1,ENG,3348
face-to-face,2,parent,34,male,0,1,2024-06-24,SE,11782,1,1,0,1,1,1,0,0,SPA,8999
telephone,2,other,70,male,1,0,2022-08-04,IT,99937,1,1,1,0,1,0,1,0,ITA,4960
online,2,spouse,18,female,1,1,2023-02-27,FR,56775,1,0,1,0,1,1,1,0,ENG,7804
face-to-face,2,parent,39,female,1,0,2024-09-06,AT,78462,1,0,0,1,1,0,0,1,ITA,8429
telephone,1,other,62,male,0,0,2023-03-13,GB,95002,0,0,0,0,0,0,1,1,FRE,7165
online,1,parent,55,male,0,1,2022-02-06,BE,40783,1,1,1,1,1,1,1,0,NOR,4102
face-to-face,2,child,73,female,0,1,2022-08-07,NO,63842,0,0,0,1,0,0,0,0,ITA,3079
face-to-face,2,none,49,female,0,0,2022-09-18,CH,56693,0,0,0,1,1,0,0,0,ITA,8617
telephone,1,child,19,female,1,0,2023-04-13,DE,43572,1,0,0,0,0,0,0,0,ITA,5890
online,2,child,49,female,1,0,2024-03-29,GB,85803,0,1,0,0,1,1,0,0,NOR,8751
face-to-face,2,other,48,female,1,1,2023-09-02,NL,15710,1,1,0,1,1,1,1,1,NOR,5867
telephone,1,none,22,female,0,0,2022-11-06,IE,60917,1,0,0,1,1,1,1,0,NOR,2989
telephone,2,other,32,female,1,0,2024-07-06,PT,32028,1,0,1,1,0,0,0,0,ENG,5403
online,1,none,78,male,1,1,2024-09-06,DK,23557,1,1,1,1,1,1,1,1,GER,6310
online,1,other,47,female,0,0,2024-07-10,CH,83691,0,1,1,0,1,0,0,0,GER,5003
telephone,1,none,53,female,0,1,2024-10-25,FR,13053,0,1,0,1,1,1,0,1,SPA,2876
face-to-face,2,child,57,male,1,0,2022-07-29,CH,80105,0,0,0,0,0,1,1,1,NOR,3302
online,2,none,36,male,1,0,2023-01-24,BE,35753,1,1,1,1,1,1,0,0,GER,1867
telephone,2,none,21,male,1,1,2023-02-20,GB,40300,1,1,1,0,0,1,1,0,ITA,1870
face-to-face,1,parent,58,female,0,1,2022-04-21,FI,79883,0,0,1,1,0,0,1,0,ENG,2770
face-to-face,2,other,56,male,0,0,2022-08-03,GB,62997,0,0,1,0,1,0,0,1,FRE,4684
face-to-face,2,other,42,female,1,1,2022-03-17,DE,64264,0,0,1,0,1,0,0,0,NOR,5717
telephone,2,parent,79,female,0,1,2022-06-19,IT,15888,1,1,0,0,1,0,1,0,ENG,6103
online,2,other,18,female,0,1,2024-05-31,SE,70327,0,1,1,0,0,1,1,0,GER,2987
telephone,1,parent,74,female,0,0,2022-08-18,PT,39046,0,0,1,1,0,1,1,1,SPA,8891
online,2,parent,41,female,0,0,2022-02-16,DK,90214,1,1,0,1,0,0,0,1,ENG,5334
telephone,2,parent,40,female,1,0,2023-03-03,AT,38313,1,0,1,0,1,0,1,0,FRE,9167
online,2,other,19,male,0,0,2024-04-07,CH,12977,0,0,0,1,0,1,1,0,ENG,7990
online,2,child,62,female,0,0,2024-05-20,NL,57783,0,1,0,0,1,1,0,1,SPA,5565
face-to-face,1,spouse,64,female,0,0,2023-02-24,DK,66889,1,1,1,0,1,0,0,0,SPA,8531
telephone,1,none,28,male,0,1,2022-11-05,SE,39823,1,0,1,1,1,0,0,0,SPA,5287
face-to-face,1,other,71,male,0,1,2023-05-15,FI,28478,1,0,1,1,1,0,1,1,NOR,4854
online,1,parent,67,female,0,0,2023-03-21,DE,57681,1,1,0,0,0,1,1,1,ITA,3095
telephone,2,spouse,73,male,0,1,2024-11-27,BE,91539,1,1,1,0,0,1,1,0,FRE,1285
face-to-face,2,spouse,59,male,1,0,2023-08-23,IE,98632,0,1,1,1,1,0,1,1,ITA,1119
online,2,other,74,male,1,1,2023-10-05,SE,11181,0,1,1,1,1,1,1,0,ENG,9765
telephone,1,none,75,male,0,1,2023-08-04,NO,62220,0,0,0,1,0,1,1,0,GER,4690
face-to-face,1,child,27,male,1,0,2022-02-28,DE,35647,0,0,0,0,0,0,0,0,ITA,9460
face-to-face,2,parent,21,female,1,1,2024-01-12,SE,38237,1,0,0,0,0,1,1,1,ITA,7434
face-to-face,2,spouse,54,female,1,1,2023-03-02,FI,46662,0,0,1,0,0,1,0,1,NOR,9635
telephone,1,child,40,male,0,0,2022-03-23,BE,34796,1,0,1,0,0,1,0,0,SPA,2189
telephone,2,child,35,male,0,0,2023-09-01,DE,89385,0,0,1,0,0,1,1,0,SPA,5384
face-to-face,1,spouse,30,female,1,0,2022-05-31,PT,90590,0,0,1,0,0,0,0,0,SPA,8102
online,1,other,37,male,1,1,2022-09-02,PT,11178,1,1,1,0,0,1,0,0,ENG,9142
face-to-face,1,none,35,female,1,1,2024-01-24,DE,77555,0,0,1,1,0,1,1,1,FRE,8103
online,1,child,68,female,1,0,2023-01-06,BE,69214,1,0,1,1,0,1,0,0,SPA,4153
telephone,1,spouse,68,female,0,1,2024-03-02,CH,44758,0,1,0,0,0,0,0,0,FRE,4561
online,1,spouse,37,male,0,1,2024-01-11,SE,68055,1,1,1,1,0,0,1,1,SPA,7671
face-to-face,1,none,73,female,0,0,2024-01-21,FI,35621,0,0,1,1,1,1,0,0,GER,9282
telephone,2,other,52,female,0,1,2024-12-01,CH,38361,1,1,1,0,1,0,1,1,GER,1873
telephone,1,parent,69,female,1,0,2024-10-18,NL,18080,1,1,1,1,1,0,1,0,ENG,4978
telephone,1,spouse,43,male,1,1,2024-01-13,BE,47938,1,0,1,0,0,1,0,1,ENG,3265
telephone,2,child,27,male,1,0,2024-11-30,FI,96988,1,0,1,1,0,1,0,1,ITA,2661
online,1,parent,40,male,0,1,2022-02-23,FI,96878,0,1,1,0,1,0,1,1,ITA,9619
face-to-face,1,spouse,63,male,0,0,2024-05-29,CH,12809,0,0,0,1,0,0,0,0,FRE,7816
online,2,none,46,male,0,1,2024-08-10,GB,88697,1,0,1,0,0,1,1,1,ITA,7227
face-to-face,1,spouse,42,male,1,1,2024-03-07,DK,98535,0,0,0,0,1,0,1,0,ITA,8367
online,1,spouse,31,female,0,1,2024-09-05,AT,62598,0,1,0,1,0,0,0,0,ENG,6504
face-to-face,2,child,30,female,1,1,2022-07-28,FI,96296,0,1,0,1,1,0,1,0,GER,6681
telephone,2,child,18,female,1,0,2023-04-11,NO,64032,1,0,1,1,1,0,0,0,SPA,2846
telephone,2,none,28,female,0,0,2024-09-20,FI,20153,1,0,1,0,0,1,1,0,GER,7533
online,1,parent,78,female,1,1,2024-01-15,FR,12480,1,0,0,1,0,1,0,0,ITA,2520
online,1,none,76,female,1,1,2024-12-06,IT,95957,1,0,1,0,0,0,0,1,ENG,7119
telephone,2,other,52,female,1,0,2024-11-17,IT,80980,0,1,1,1,0,1,0,1,GER,7841
face-to-face,2,spouse,31,male,0,1,2024-01-15,AT,19276,1,0,0,1,1,0,0,0,NOR,7066
telephone,2,parent,77,female,0,1,2022-09-13,GB,81588,1,0,0,0,0,1,1,0,ITA,9442
face-to-face,1,other,41,female,1,0,2022-02-01,AT,99421,1,0,0,0,1,1,0,0,ITA,7999
online,1,other,59,male,1,0,2023-08-09,CH,64632,1,0,1,0,0,1,1,1,SPA,8390
online,1,parent,77,female,1,1,2023-08-03,NL,50758,1,0,0,1,0,1,0,0,NOR,6479
telephone,2,none,60,male,0,1,2022-09-09,CH,65533,0,1,0,0,0,0,1,0,FRE,6859
online,2,parent,43,male,1,0,2024-10-30,SE,86392,1,0,0,1,0,0,0,1,SPA,5876
online,2,other,54,female,0,1,2023-08-31,DK,44917,0,0,0,1,1,1,1,0,FRE,6871
telephone,2,parent,69,male,1,1,2022-06-30,DK,89915,1,1,0,1,1,0,0,0,FRE,2437
face-to-face,1,parent,46,male,1,0,2024-02-28,CH,34009,0,0,1,1,0,0,0,0,ITA,5961
telephone,2,other,41,female,0,0,2023-07-06,FR,75028,0,1,0,0,1,1,0,1,GER,5974
telephone,2,spouse,36,female,1,1,2023-01-30,FR,68978,1,1,1,1,1,0,1,1,GER,1808
online,2,spouse,46,female,0,1,2023-12-19,FI,21782,1,1,1,0,1,0,0,0,FRE,8006
face-to-face,2,none,34,female,1,1,2022-05-30,FR,58730,0,0,1,1,0,0,1,1,FRE,4140
telephone,2,other,24,female,1,1,2023-08-12,NO,22431,0,0,1,1,1,0,1,1,ENG,5938
online,2,child,42,male,1,1,2022-08-12,AT,57099,1,0,0,0,1,1,0,0,FRE,2205
telephone,1,spouse,44,female,0,0,2024-04-15,IE,16928,1,1,1,1,1,1,0,0,ENG,4389
face-to-face,1,other,57,female,0,0,2022-07-07,PT,15016,0,1,0,0,0,0,1,1,ENG,4259
telephone,1,spouse,75,male,1,1,2024-05-24,FR,47491,1,0,0,1,1,0,1,1,ITA,8198
telephone,2,spouse,73,male,0,1,2023-09-03,DE,63780,0,0,0,1,0,0,0,1,ENG,9552
face-to-face,1,other,25,male,0,1,2024-03-11,FI,21597,0,0,0,0,1,1,1,0,NOR,1618
face-to-face,1,spouse,47,female,0,0,2024-02-02,IT,66892,1,0,0,1,0,1,0,1,ITA,2368
telephone,1,parent,65,female,1,0,2023-06-13,DE,64247,0,1,1,0,0,0,1,0,FRE,2919
online,2,none,35,female,0,1,2023-05-25,NL,48196,0,0,1,0,1,1,0,1,SPA,7870
online,1,child,18,male,1,0,2024-07-05,NL,28256,0,1,0,0,1,0,0,1,SPA,7691
telephone,2,none,40,female,1,0,2024-05-01,CH,58897,1,1,1,0,1,0,1,1,FRE,1251
telephone,1,other,55,male,0,0,2022-12-27,IT,91765,0,1,1,0,0,0,0,1,ENG,1693
telephone,1,none,74,male,0,1,2024-03-10,GB,23509,1,1,1,0,0,0,0,0,SPA,2553
face-to-face,1,child,71,male,0,1,2024-07-06,IE,56145,1,1,0,1,0,1,1,0,SPA,5761
telephone,1,parent,41,male,0,1,2023-06-27,IE,86216,0,0,0,0,1,0,0,1,SPA,1066
face-to-face,1,spouse,24,male,0,0,2023-05-29,NL,69967,0,1,1,0,1,0,1,0,GER,6470
online,2,parent,45,male,1,0,2023-10-26,DK,47777,1,1,0,1,1,0,1,0,NOR,5896
face-to-face,1,spouse,48,female,0,1,2022-02-19,AT,76489,1,0,1,0,1,0,1,0,SPA,7424
telephone,1,none,57,female,1,0,2024-02-26,NL,69282,0,0,0,1,1,0,1,0,NOR,4405
telephone,1,none,37,male,0,1,2024-09-27,GB,98919,1,0,0,0,0,1,0,0,NOR,1966
online,1,other,65,female,0,0,2023-03-06,DE,62158,0,0,1,0,1,0,0,0,FRE,4855
online,2,spouse,78,female,0,0,2023-11-22,AT,76856,0,1,1,0,1,1,0,0,GER,6204
telephone,2,child,39,female,0,0,2024-06-03,CH,79188,1,0,0,0,1,1,1,1,ITA,3115
face-to-face,2,none,69,female,0,0,2022-08-20,NO,82188,1,1,1,1,0,0,0,0,ENG,5369
telephone,1,none,60,male,1,1,2024-04-25,IE,22630,1,0,1,0,1,0,1,1,GER,2987
telephone,1,none,33,female,0,1,2023-07-23,IE,36139,1,1,0,0,0,1,1,0,SPA,7853
online,1,none,77,male,0,0,2022-11-06,PT,25476,0,0,1,0,0,0,0,0,SPA,4198
online,1,spouse,50,female,0,1,2022-04-17,IT,11421,1,1,0,0,1,1,1,1,SPA,2211
face-to-face,2,parent,20,male,0,0,2023-05-25,ES,76085,0,0,0,0,1,0,0,0,ITA,4741
telephone,1,parent,56,male,0,0,2024-05-11,IE,45319,0,1,0,0,1,1,1,0,SPA,1693
telephone,2,child,47,male,1,0,2022-01-09,BE,30818,1,1,1,1,1,0,0,0,GER,9146
face-to-face,1,other,65,male,0,1,2022-11-30,PT,76613,1,1,1,0,1,1,0,1,ITA,6746
online,1,other,80,male,0,0,2023-04-04,IE,54872,0,1,1,1,0,1,0,0,NOR,8568
telephone,1,parent,21,female,1,1,2024-01-11,FR,32796,0,1,1,1,1,0,0,1,SPA,7503
online,2,spouse,71,female,0,0,2023-04-14,PT,49929,0,0,0,0,0,1,1,1,ENG,4434
face-to-face,1,parent,63,female,0,0,2022-07-31,DK,58728,0,0,1,0,1,0,1,1,ITA,5287
telephone,1,spouse,28,female,1,1,2022-05-06,CH,27472,1,0,1,1,0,1,1,1,NOR,7416
telephone,1,none,21,female,1,0,2022-09-07,IE,73803,1,1,1,1,0,0,1,0,GER,4964
online,2,spouse,26,male,1,0,2023-07-11,IT,56651,0,0,1,1,0,1,0,0,SPA,9987
face-to-face,1,none,21,male,1,1,2022-07-13,DE,34257,1,0,1,1,0,1,1,0,FRE,1711
face-to-face,2,child,30,male,1,0,2024-11-29,IT,78387,1,1,1,1,1,1,1,1,GER,3594
telephone,2,parent,34,female,0,0,2022-09-22,NL,36561,1,0,1,1,0,0,1,1,GER,2820
face-to-face,2,spouse,54,male,0,1,2024-07-21,PT,96396,0,1,0,0,1,0,0,0,ITA,1731
telephone,1,none,68,female,1,0,2023-01-30,GB,11435,1,0,0,1,0,1,0,0,ENG,7324
face-to-face,2,parent,31,male,0,1,2023-07-20,PT,61520,1,1,0,0,0,1,1,0,SPA,9426
online,2,parent,69,male,1,0,2023-12-31,FR,69920,1,1,1,0,0,0,1,1,GER,4885
face-to-face,1,spouse,52,female,0,0,2022-05-05,DK,71242,1,1,0,0,0,1,0,1,FRE,9485
online,2,other,19,male,1,0,2024-07-19,GB,18062,0,0,1,0,1,0,0,1,ITA,3593
online,1,spouse,40,female,1,1,2022-07-03,IT,18955,1,1,1,0,0,1,0,0,ITA,6920
face-to-face,2,parent,75,male,0,1,2022-02-08,BE,34427,1,1,1,0,1,0,0,0,ITA,5082
telephone,2,child,65,male,0,1,2023-03-27,CH,66764,1,0,1,1,0,0,1,0,ENG,7300
face-to-face,2,child,26,male,0,0,2022-08-24,DK,14364,1,1,1,0,1,0,0,0,FRE,5604
online,2,parent,40,female,0,1,2022-03-24,ES,89119,1,1,0,0,0,0,0,0,ITA,3178
face-to-face,1,parent,24,female,1,0,2022-06-26,GB,47235,1,0,0,0,1,0,1,0,ENG,3842
telephone,2,parent,37,male,1,1,2024-12-01,ES,25393,1,0,1,1,1,0,0,1,SPA,3925
telephone,1,none,39,female,0,1,2023-08-17,ES,37767,1,1,0,0,0,1,0,1,ENG,5965
telephone,1,spouse,76,female,1,0,2022-06-14,PT,62622,0,0,0,0,0,1,0,1,FRE,4858
online,2,other,22,female,1,1,2022-02-26,PT,32718,0,0,0,0,0,0,0,0,ITA,4447
face-to-face,1,none,72,male,0,1,2024-02-26,NL,93050,0,1,1,1,1,0,0,0,NOR,3383
face-to-face,2,spouse,39,male,1,0,2023-09-03,GB,57655,0,0,0,0,0,1,0,0,FRE,2688
face-to-face,2,none,61,male,1,1,2022-04-14,AT,62543,1,0,0,0,0,1,0,1,GER,8081
online,2,none,51,female,0,1,2022-05-03,NL,13048,0,1,1,0,1,0,1,0,ITA,1239
telephone,1,none,29,male,0,1,2024-10-26,DK,70465,0,0,0,0,1,1,0,1,GER,4441
telephone,2,other,67,male,1,0,2023-07-09,CH,64864,1,0,0,1,1,1,1,0,ITA,7933
online,1,other,56,male,1,1,2022-04-06,CH,95428,0,1,0,1,1,0,0,0,ENG,7758
online,1,other,69,male,1,1,2023-01-27,NL,79103,0,0,1,1,1,1,0,0,FRE,8800
online,2,other,55,female,1,0,2024-05-09,FR,43587,1,0,0,0,0,1,0,1,FRE,1586
telephone,1,parent,71,male,0,1,2024-02-16,CH,72457,0,1,0,1,0,0,0,1,GER,7070
telephone,2,spouse,69,female,1,0,2022-08-01,DE,11872,1,1,1,1,1,0,0,0,ENG,2475
face-to-face,2,spouse,77,female,1,1,2023-03-31,GB,82237,1,1,1,0,0,1,0,0,SPA,7481
online,1,spouse,35,male,1,1,2024-09-13,FI,88132,0,0,0,0,1,1,0,1,FRE,5905
face-to-face,2,other,79,female,1,1,2022-09-19,FI,28620,1,0,1,1,0,1,1,1,SPA,5847
face-to-face,1,none,34,male,1,0,2024-10-09,DK,39096,1,1,0,0,1,1,0,0,NOR,3046
telephone,1,other,76,female,0,1,2023-05-17,ES,26341,0,0,1,0,0,1,1,0,SPA,3621
face-to-face,1,none,76,male,1,0,2022-02-13,FI,39265,1,1,0,1,0,0,0,1,ENG,6834
telephone,1,child,79,male,1,1,2022-08-10,PT,52630,1,1,1,1,0,0,0,1,ITA,7699
online,1,spouse,46,female,0,0,2022-10-12,NO,98940,0,0,1,1,0,0,0,1,SPA,6796
face-to-face,1,parent,28,male,1,0,2024-07-22,NO,76447,0,0,0,1,0,1,1,0,GER,4222
online,2,child,65,female,0,0,2023-01-13,DK,99268,1,0,0,1,0,1,0,1,GER,4485
telephone,1,child,66,male,0,0,2024-11-26,ES,39238,1,0,0,1,0,1,1,0,SPA,4001
telephone,1,parent,75,male,0,0,2024-08-08,DK,49085,0,0,0,0,1,0,0,0,SPA,1279
telephone,1,none,23,male,0,0,2022-01-24,IE,86282,0,0,0,0,1,0,1,1,NOR,2559
online,2,other,18,female,0,0,2023-11-29,IE,55246,0,1,0,0,1,0,0,0,NOR,4708
online,1,none,60,male,1,0,2022-12-29,NO,26522,0,1,1,0,0,0,0,0,ENG,5583
online,1,other,61,female,1,1,2024-12-03,ES,78820,0,1,0,0,1,1,0,1,NOR,4632
telephone,1,none,56,male,0,0,2024-06-27,PT,53580,0,1,1,0,0,1,1,0,SPA,4010
face-to-face,2,child,73,male,1,0,2022-03-01,IT,60172,0,0,0,1,0,1,0,0,ITA,1751
online,2,spouse,39,male,1,1,2022-12-28,DK,48927,0,0,1,1,0,1,0,1,NOR,2834
telephone,1,parent,20,male,1,1,2023-04-18,FI,35136,0,1,0,1,1,0,1,0,SPA,8766
telephone,1,parent,37,male,1,1,2023-11-11,ES,60455,1,0,1,0,0,1,1,0,SPA,2876
face-to-face,1,child,52,female,0,1,2024-10-03,BE,53631,0,1,0,0,0,0,1,1,NOR,7999
online,2,none,23,female,1,1,2022-02-05,ES,74133,0,1,0,0,1,1,0,1,GER,8117
face-to-face,2,parent,76,male,0,1,2024-07-07,FI,36221,0,0,1,1,0,0,1,1,SPA,7083
telephone,1,child,33,female,0,0,2022-02-02,PT,82435,1,1,0,0,1,0,1,1,ENG,4160
online,1,spouse,36,female,1,0,2022-08-17,IE,96321,0,1,0,1,0,0,1,1,ENG,9318
face-to-face,2,child,79,male,1,1,2024-01-04,BE,50237,0,1,0,0,1,0,1,1,FRE,3585
online,1,other,75,male,1,1,2022-07-20,GB,60616,0,0,0,1,0,0,1,0,ITA,4351
telephone,1,spouse,35,female,1,1,2024-10-16,DE,45495,1,1,1,0,1,0,0,1,SPA,8185
face-to-face,1,other,59,male,1,1,2022-01-07,SE,50532,1,1,0,1,0,1,1,1,NOR,4939
telephone,2,child,51,female,1,1,2023-10-04,DK,73659,0,1,0,1,1,0,0,0,SPA,4434
telephone,1,spouse,76,female,0,1,2023-11-15,BE,68007,0,1,1,1,1,0,0,1,ENG,8342
face-to-face,2,child,61,male,0,0,2024-09-06,BE,55284,1,0,0,0,0,1,1,0,SPA,2741
online,1,child,68,female,0,1,2023-11-26,FI,85359,0,1,0,1,1,1,0,0,ENG,5056
face-to-face,2,none,76,male,1,0,2024-07-11,DE,15401,0,1,0,0,1,1,1,0,ENG,5048
telephone,1,none,37,male,1,0,2024-03-08,NL,95829,0,1,0,1,1,0,0,1,FRE,1430
telephone,2,none,35,female,1,1,2022-02-20,IT,74259,1,0,1,1,1,1,1,1,SPA,3525
telephone,1,parent,60,female,1,1,2023-10-12,NL,95731,1,0,1,0,1,0,0,1,ITA,4384
online,1,parent,36,female,1,1,2023-11-13,PT,96760,0,0,1,0,1,1,0,0,ITA,1024
face-to-face,2,none,78,female,1,1,2023-07-15,IT,27294,0,0,1,1,0,0,0,0,NOR,3086
online,1,other,37,male,1,0,2022-06-26,FR,73451,1,0,0,1,1,1,0,1,ENG,2352
face-to-face,1,other,66,female,0,1,2024-08-02,IE,47391,0,0,0,1,0,0,0,1,ENG,9181
online,1,none,54,female,1,1,2023-01-04,BE,88359,0,1,1,1,0,1,1,0,FRE,7952
telephone,1,spouse,55,male,0,1,2023-02-06,NO,42703,1,1,0,1,1,1,1,1,NOR,7488
telephone,2,child,25,female,1,0,2023-04-20,GB,10942,1,0,0,0,0,0,0,0,NOR,1548
online,2,none,75,male,0,1,2023-05-28,CH,90701,0,1,1,0,1,0,1,0,ITA,2601
face-to-face,1,child,62,male,0,0,2023-07-07,ES,67378,0,1,0,1,1,0,1,0,SPA,1022
online,2,none,71,female,1,0,2023-02-08,FR,14748,1,1,0,1,0,0,0,0,NOR,8638
online,2,spouse,35,female,0,1,2024-07-22,GB,44834,1,0,1,1,0,1,1,0,GER,7580
online,1,other,23,female,0,0,2023-11-08,SE,84469,1,1,0,0,0,1,1,1,ENG,8707
face-to-face,1,other,25,female,1,0,2024-09-15,ES,93050,0,1,1,0,1,1,0,1,FRE,6897
online,2,none,53,female,0,1,2022-12-07,IE,39262,1,0,0,1,1,0,0,0,ENG,9985
online,1,none,50,female,1,0,2022-09-22,NL,67017,1,1,0,1,1,1,1,0,ENG,6223
telephone,1,parent,33,male,1,1,2024-08-09,PT,95922,0,1,0,1,0,0,0,1,SPA,5831
face-to-face,2,none,75,female,1,0,2022-02-11,IE,86506,0,1,0,0,0,0,1,0,NOR,2405
telephone,2,child,30,male,0,1,2022-01-05,DE,28719,1,1,0,0,0,0,0,1,ENG,1167
online,2,other,22,male,0,0,2024-12-31,FI,51412,1,0,0,1,0,0,1,1,NOR,2599
online,2,child,46,female,0,1,2024-05-01,BE,36696,1,0,1,0,0,0,0,0,GER,3461
face-to-face,2,parent,79,female,1,0,2023-09-22,FI,17704,1,1,0,0,0,0,0,0,FRE,7465
face-to-face,2,parent,29,female,1,0,2023-10-24,DE,72801,1,1,0,0,1,1,1,0,NOR,2919
telephone,2,parent,40,male,0,1,2022-12-30,NL,21502,1,1,1,1,1,1,1,0,ENG,6143
online,1,none,32,male,0,0,2024-07-16,PT,12244,1,0,1,1,0,0,1,0,FRE,9235
telephone,2,child,43,male,0,1,2022-09-30,FR,29195,0,1,0,1,0,0,0,0,ITA,5585
face-to-face,2,parent,67,male,0,0,2023-03-03,FI,19967,0,0,1,1,0,1,1,0,GER,4456
telephone,1,parent,35,male,1,0,2023-07-24,IE,69379,0,0,0,0,1,1,1,0,NOR,1279
online,1,parent,46,female,1,1,2023-09-18,DK,23791,1,0,0,1,1,0,1,0,GER,4656
face-to-face,2,spouse,29,male,0,1,2022-11-01,BE,52385,0,0,1,0,0,1,0,1,ENG,7371
online,1,parent,43,male,0,1,2024-07-02,BE,28225,1,0,1,0,1,0,1,1,FRE,1207
telephone,1,other,45,female,1,0,2024-04-04,DE,17347,1,0,1,1,0,1,1,0,ITA,4146
online,1,other,35,female,0,1,2022-05-19,FR,64869,0,1,1,1,0,1,1,0,ENG,2550
telephone,2,parent,50,female,0,0,2024-09-15,IT,34542,1,1,1,0,0,1,0,1,ITA,1187
online,1,spouse,76,male,0,0,2024-05-08,AT,96108,1,1,1,1,1,1,0,1,GER,3422
face-to-face,2,spouse,68,male,0,1,2024-08-24,PT,29806,1,1,1,1,0,0,0,1,GER,6657
face-to-face,2,spouse,25,female,1,1,2022-03-20,FR,37503,0,1,1,0,0,0,0,1,SPA,2158
online,2,other,57,female,0,0,2024-08-05,IE,99246,1,0,0,0,1,0,0,1,GER,7316
telephone,1,other,39,male,1,0,2022-01-10,FR,46277,1,0,0,0,1,0,0,0,ENG,6504
online,1,parent,80,female,0,1,2023-05-20,FI,65430,0,1,1,1,0,0,0,1,FRE,2711
telephone,2,other,79,female,1,1,2024-03-29,NO,21545,1,0,1,1,1,0,1,1,FRE,8720
telephone,1,none,80,female,1,0,2024-11-02,ES,66511,0,0,0,1,1,0,0,0,NOR,7300
face-to-face,1,other,59,male,0,0,2023-10-30,IT,54355,0,0,1,0,1,1,0,1,SPA,7056
face-to-face,2,other,37,male,0,1,2023-08-10,IT,22577,0,1,1,0,1,1,1,1,NOR,7558
telephone,2,spouse,22,male,1,1,2024-11-04,FI,99494,1,0,0,1,1,1,1,0,ENG,2288
telephone,2,none,71,female,1,1,2022-10-03,IE,70041,0,0,0,0,1,1,1,0,NOR,4096
telephone,1,child,31,female,0,1,2023-03-11,FI,50143,1,1,1,0,1,1,0,1,ITA,8320
online,1,parent,28,male,1,1,2023-04-12,DK,12099,0,0,1,0,0,1,0,1,SPA,2307
telephone,1,spouse,70,male,0,1,2024-08-11,BE,77730,0,0,0,0,1,1,1,1,ENG,9858
face-to-face,1,child,23,female,1,1,2023-10-03,SE,57584,0,0,1,1,0,1,0,1,GER,2872
face-to-face,2,other,74,male,0,1,2022-04-22,CH,63829,1,1,0,1,0,0,0,1,ENG,1756
telephone,2,spouse,38,male,0,1,2022-02-27,NO,71515,1,1,1,1,0,1,0,0,ENG,4385
online,2,child,71,male,0,1,2024-01-01,CH,67132,0,0,1,0,1,0,1,0,NOR,2993
face-to-face,1,parent,31,male,1,1,2023-01-29,IT,32059,0,0,0,1,1,0,1,0,NOR,6747
face-to-face,1,parent,36,female,1,1,2024-02-22,NO,29718,1,1,0,1,0,0,0,1,FRE,3557
online,1,spouse,71,female,0,1,2024-09-09,SE,62342,0,1,0,1,1,0,1,0,SPA,4357
face-to-face,2,child,63,male,1,0,2023-01-20,GB,21361,0,0,0,1,0,0,1,1,NOR,2687
telephone,1,none,70,male,0,1,2022-09-17,NL,22670,0,1,0,0,0,1,1,1,ITA,7613
telephone,2,child,71,male,1,1,2023-05-30,SE,46987,0,0,1,1,0,1,1,1,ENG,8443
telephone,1,none,42,male,0,0,2023-06-24,CH,93462,0,0,0,1,0,1,1,1,GER,2319
face-to-face,2,parent,24,male,1,1,2023-05-31,CH,33788,1,1,1,0,0,0,0,0,GER,7253
telephone,1,other,49,female,1,0,2022-11-06,FR,30720,1,0,1,0,0,1,0,0,ENG,9508
online,2,other,79,female,1,0,2023-10-21,AT,24298,1,0,0,1,1,1,1,0,FRE,1171
face-to-face,1,other,53,male,1,0,2022-02-10,PT,26697,0,0,1,0,1,1,1,0,ENG,9813
online,1,other,37,male,0,0,2022-12-15,PT,67571,1,1,0,0,1,0,1,1,ENG,8054
face-to-face,1,other,54,male,1,1,2024-01-29,ES,68806,1,1,0,0,1,0,0,1,ENG,2359
face-to-face,1,parent,67,male,0,0,2022-06-28,FI,58130,0,1,1,1,1,1,0,1,NOR,1784
face-to-face,1,spouse,71,male,1,1,2023-01-12,CH,67253,0,1,0,0,0,1,1,0,NOR,4161
face-to-face,1,other,54,male,1,1,2024-05-24,FI,90397,0,1,0,1,0,0,0,0,GER,3267
online,1,none,20,female,1,1,2024-12-20,AT,58416,0,1,1,0,1,1,1,0,NOR,1846
face-to-face,1,spouse,27,male,1,1,2024-02-18,FR,44907,0,0,1,1,0,0,1,0,NOR,1036
telephone,1,spouse,34,male,0,0,2023-11-12,FR,96507,1,1,0,0,0,1,1,0,ITA,6794
telephone,2,none,37,female,1,0,2024-09-28,FI,76424,0,1,1,1,0,0,0,1,NOR,1460
telephone,2,parent,27,female,0,1,2023-04-01,DE,59459,1,1,1,0,1,0,0,0,SPA,3989
online,1,spouse,78,male,0,0,2024-06-30,PT,37038,1,0,1,1,1,0,0,0,NOR,8222
face-to-face,2,spouse,40,male,0,1,2024-12-31,DK,62494,1,0,1,0,1,0,1,1,SPA,2036
online,2,other,36,female,0,1,2023-07-27,FI,44227,1,0,0,1,1,1,1,0,FRE,1633
face-to-face,2,other,70,female,1,1,2024-06-19,SE,75643,1,1,1,0,0,0,1,0,ITA,8010
telephone,1,none,21,male,0,0,2022-12-14,NL,26154,0,0,0,1,1,0,1,0,FRE,4696
online,2,spouse,24,male,1,1,2023-03-10,NO,20530,0,0,0,0,0,0,1,1,FRE,6236
telephone,2,parent,38,female,0,1,2024-09-16,FR,32072,1,0,1,1,0,1,0,0,FRE,6702
online,2,other,59,male,1,0,2023-07-12,FI,73193,0,0,0,1,0,1,1,0,ITA,9714
online,1,none,76,male,1,0,2023-10-09,PT,10855,1,1,1,0,0,1,0,1,GER,6850
online,2,none,40,female,1,1,2024-09-19,AT,93175,0,0,0,0,1,1,1,1,ITA,9367
face-to-face,1,other,47,male,1,1,2024-02-13,NL,31444,0,0,0,1,1,1,0,1,GER,8705
telephone,2,child,79,female,1,1,2022-12-17,NO,68442,1,0,1,1,1,0,1,0,NOR,9211
online,1,spouse,57,male,1,0,2023-10-12,FI,73903,1,1,0,1,0,1,1,1,FRE,6551
online,2,none,80,male,0,1,2024-09-09,NL,78432,0,0,0,1,1,1,0,1,SPA,8233
online,1,parent,45,female,1,0,2022-05-05,SE,77034,0,1,1,0,0,1,1,1,NOR,7364
telephone,1,spouse,32,male,0,1,2024-08-02,ES,76351,1,1,0,0,1,1,1,1,SPA,8984
online,1,parent,21,male,1,1,2023-04-12,NL,17628,0,1,0,0,0,0,0,0,FRE,2042
online,2,spouse,40,male,0,1,2022-04-11,DK,76552,0,1,0,0,0,1,1,1,NOR,5565
face-to-face,2,none,72,female,0,1,2024-09-11,BE,98905,1,0,0,1,0,0,0,1,ITA,7764
online,1,other,62,female,1,1,2022-11-20,IE,82130,1,0,1,1,1,0,0,1,NOR,4786
online,1,child,31,female,1,0,2023-04-22,NL,77090,1,0,0,0,1,0,0,1,FRE,7965
face-to-face,1,parent,73,female,1,0,2024-04-22,CH,17072,0,1,1,0,0,1,1,0,GER,8753
online,1,spouse,23,female,0,0,2024-08-09,GB,29286,1,0,1,0,1,1,1,1,NOR,8577
face-to-face,1,none,32,female,1,1,2022-09-06,ES,81890,1,1,1,0,1,1,1,0,NOR,6257
online,1,other,25,male,1,0,2023-11-20,DE,59495,1,1,0,0,0,1,0,0,ITA,8237
telephone,2,child,48,male,1,0,2023-11-14,FI,63251,1,1,0,0,0,1,0,0,FRE,2639
online,1,parent,25,male,0,0,2022-12-23,IT,43041,1,0,1,0,1,0,0,0,GER,3778
face-to-face,1,other,75,male,0,0,2024-09-11,PT,17580,0,1,1,1,0,1,0,0,SPA,8066
face-to-face,2,parent,74,female,0,0,2024-03-06,PT,83694,1,1,1,1,1,0,1,1,NOR,4330
online,2,spouse,47,male,0,1,2023-04-04,SE,34930,1,0,1,1,0,0,1,0,ENG,3418
telephone,2,other,22,female,0,0,2024-03-08,FR,12982,0,0,0,1,1,1,1,0,ENG,4812
online,1,parent,29,male,1,1,2023-06-17,DE,94696,1,1,0,0,0,1,1,0,SPA,5229
face-to-face,1,parent,55,male,1,1,2022-09-06,CH,92444,1,0,0,0,1,1,1,0,NOR,2136
telephone,2,parent,80,female,1,0,2022-12-28,IT,20554,1,0,0,0,1,1,1,0,FRE,7912
online,1,child,30,male,0,0,2023-01-23,IE,13162,0,0,0,1,1,0,1,0,FRE,4543
online,1,child,47,male,1,0,2024-06-10,DK,26900,1,1,1,0,1,0,1,0,FRE,2446
telephone,2,parent,26,male,0,0,2022-01-05,BE,22732,1,0,1,0,1,1,0,1,SPA,7865
telephone,2,other,21,male,0,0,2022-04-03,FI,28524,1,0,1,1,0,0,0,0,GER,4964
online,2,other,21,female,0,1,2023-02-16,CH,36159,1,1,1,0,0,1,1,1,NOR,3795
face-to-face,2,spouse,59,female,0,0,2023-04-30,IT,50605,1,0,1,0,0,1,1,0,ENG,1099
online,2,none,57,female,0,0,2022-03-15,SE,93149,0,0,0,0,1,1,1,0,FRE,5363
face-to-face,2,parent,72,female,0,1,2023-02-27,IE,59569,1,0,1,0,1,1,1,1,SPA,8813
telephone,2,child,26,male,0,0,2023-02-26,AT,21972,1,0,1,1,0,0,1,0,NOR,7676
telephone,2,none,35,male,0,1,2024-05-13,FI,54330,1,1,1,0,1,0,1,1,ENG,7692
telephone,2,spouse,30,male,1,1,2023-12-15,BE,95289,1,0,0,0,0,1,1,0,NOR,3099
face-to-face,1,other,40,male,1,0,2024-02-13,NO,73633,1,0,0,0,0,1,0,0,NOR,4924
face-to-face,1,other,32,male,1,0,2024-08-28,CH,40791,0,1,1,0,1,1,0,1,FRE,4443
online,1,parent,70,female,1,1,2023-09-13,IT,62395,0,0,1,1,0,0,0,0,SPA,2562
online,2,other,68,male,1,1,2022-01-19,SE,95761,1,1,0,0,0,1,1,0,ENG,3531
online,2,other,45,female,1,1,2023-12-02,DE,22439,1,0,1,1,0,1,0,0,GER,7851
face-to-face,1,none,30,female,1,1,2023-02-16,PT,67138,0,1,0,1,0,1,0,1,GER,4196
online,1,other,23,female,0,1,2024-08-10,BE,34559,0,0,1,0,1,1,0,0,FRE,2027
face-to-face,2,none,69,male,1,1,2022-06-28,IT,14646,0,1,1,0,1,0,1,1,FRE,8246
telephone,2,parent,36,male,1,1,2023-11-09,CH,85206,0,1,1,1,0,1,0,1,SPA,8972
online,2,none,32,female,0,1,2024-06-04,ES,60453,0,0,0,0,1,1,1,1,GER,1821
face-to-face,2,parent,65,male,0,1,2024-06-12,IT,73270,0,1,0,0,1,0,1,0,SPA,8352
telephone,1,spouse,45,male,0,0,2024-12-12,AT,88898,0,1,0,0,1,1,1,0,ENG,3944
face-to-face,1,other,75,male,1,0,2024-10-31,ES,52608,1,0,0,1,0,1,1,1,GER,7357
telephone,1,other,36,female,1,0,2023-03-13,NL,11014,1,0,0,1,1,1,1,1,NOR,4946
face-to-face,2,none,57,female,0,1,2023-05-27,AT,45888,0,1,0,1,0,1,0,1,ITA,5816
telephone,1,parent,74,female,1,0,2024-01-09,GB,68944,0,0,1,0,0,1,1,1,GER,1267
online,1,child,73,female,1,1,2022-12-11,CH,84100,0,0,0,1,0,0,0,1,GER,9268
telephone,2,child,49,male,1,1,2022-09-26,FR,56305,1,0,1,1,1,0,1,1,ENG,7409
face-to-face,2,none,35,male,1,0,2022-03-29,FI,41765,0,0,0,0,0,1,1,0,NOR,3926
telephone,1,child,79,female,0,0,2024-06-09,NL,52964,1,0,1,1,0,0,0,1,GER,6894
online,1,other,39,female,1,1,2023-05-04,FI,66456,0,1,0,0,0,0,0,0,SPA,5335
face-to-face,2,parent,76,male,0,1,2024-11-10,GB,23763,1,0,0,0,1,1,0,1,ENG,7417
telephone,2,none,77,female,0,0,2023-02-17,GB,69567,1,0,1,1,0,1,1,0,GER,6080
telephone,1,spouse,30,male,0,1,2023-02-10,FI,67045,0,0,1,0,1,0,0,1,NOR,7014
online,2,none,69,male,0,1,2022-08-23,IE,78955,0,1,1,1,1,0,0,1,ITA,5552
telephone,1,parent,70,female,1,0,2024-01-21,PT,99732,0,0,0,0,1,1,1,1,SPA,9408
face-to-face,1,other,61,female,0,1,2024-05-18,FI,82931,1,0,1,1,1,0,0,1,NOR,6986
online,1,parent,35,female,1,0,2023-12-23,IE,75614,1,1,1,0,1,1,0,1,ITA,4622
telephone,1,spouse,46,female,0,1,2022-04-01,CH,74589,0,1,1,0,1,1,0,1,FRE,2124
face-to-face,2,spouse,75,male,1,1,2023-05-07,PT,46462,0,1,0,0,0,0,1,1,ITA,4114
telephone,1,none,42,female,1,1,2022-08-05,BE,46347,0,0,0,1,1,1,0,1,FRE,3097
face-to-face,2,none,67,male,1,0,2022-08-27,IE,80874,0,1,0,0,0,0,1,1,ITA,4313
telephone,1,other,44,female,0,1,2022-08-01,DE,93474,0,0,0,0,1,1,0,0,ENG,4731
telephone,1,none,55,male,1,1,2022-08-28,ES,15694,0,0,0,1,0,0,1,0,SPA,2576
telephone,1,none,24,female,1,1,2024-11-16,FI,85176,1,1,1,0,0,1,0,1,ITA,1510
face-to-face,1,child,18,male,0,1,2022-11-08,IE,40413,1,0,1,1,0,1,0,0,SPA,3599
telephone,2,spouse,56,female,0,1,2024-06-27,AT,85053,1,0,1,1,0,0,1,1,SPA,4469
online,1,none,67,male,0,1,2024-04-20,NO,53789,0,1,0,0,1,1,1,1,SPA,8243
telephone,2,spouse,40,male,0,1,2024-01-13,NL,94281,0,0,1,0,0,0,0,0,FRE,6245
telephone,1,parent,54,male,0,1,2024-03-02,NO,36793,0,0,1,1,0,1,0,0,GER,1554
telephone,2,child,38,male,1,0,2022-12-08,FI,42540,0,0,1,1,0,0,1,0,ENG,7571
telephone,1,none,54,male,1,1,2024-02-08,GB,18757,0,1,1,1,0,0,0,0,GER,7780
online,1,parent,63,male,1,0,2024-06-11,PT,97921,0,0,1,0,0,1,1,0,NOR,9064
face-to-face,1,parent,32,female,1,1,2023-09-16,DK,20117,1,1,1,1,1,0,1,1,FRE,5305
online,1,parent,80,male,0,1,2023-02-12,NL,24087,0,1,0,0,0,0,0,0,GER,7927
telephone,1,child,48,male,0,0,2024-05-05,AT,98260,0,1,0,1,0,1,0,0,FRE,8414
online,2,none,51,female,1,1,2022-02-07,CH,43486,1,0,1,0,0,1,1,1,NOR,8575
telephone,2,spouse,57,male,1,0,2024-04-10,DK,27106,0,0,1,0,0,0,0,0,SPA,3988
face-to-face,2,spouse,68,male,0,1,2024-10-08,ES,24950,0,1,0,1,0,1,1,1,GER,7625
online,1,parent,71,male,0,0,2023-09-13,IE,48377,1,0,1,0,0,1,1,1,ENG,9168
online,1,other,56,female,0,1,2023-06-29,CH,34055,0,1,0,0,0,0,1,1,ITA,4440
face-to-face,2,child,60,female,1,0,2024-03-21,GB,17033,1,0,1,0,0,1,0,1,ENG,6756
telephone,1,child,57,female,0,1,2024-07-07,AT,38383,1,0,0,1,0,0,0,1,NOR,3131
online,2,parent,32,male,1,0,2023-07-27,GB,31589,0,1,0,0,0,1,0,0,GER,1815
online,2,child,57,male,1,1,2022-11-25,NL,56314,1,0,0,0,0,1,1,0,ENG,6879
telephone,1,child,58,female,0,1,2023-07-15,FI,45026,0,1,0,0,0,1,1,0,GER,1703
telephone,2,parent,65,female,1,1,2023-09-02,AT,34156,1,1,1,1,1,1,0,0,FRE,7604
face-to-face,1,child,66,female,0,1,2024-12-31,IE,63367,1,1,0,0,1,1,0,0,SPA,8751
telephone,1,other,45,female,1,0,2023-01-18,FI,61385,0,1,0,0,0,1,1,1,ENG,7446
telephone,2,spouse,69,male,1,0,2024-12-08,AT,45700,1,1,1,1,0,1,0,1,NOR,7852
online,1,other,78,male,1,1,2024-11-20,PT,50478,1,0,1,1,1,1,0,0,FRE,2477
face-to-face,1,spouse,80,male,0,1,2024-11-14,BE,95748,1,1,0,0,0,0,1,0,ENG,6221
online,1,parent,22,female,0,0,2024-10-21,BE,41146,0,1,1,1,1,0,1,1,SPA,4973
online,1,child,80,female,1,1,2022-11-06,SE,22168,1,1,0,0,1,0,1,0,ITA,5151
online,1,parent,23,female,0,1,2022-05-17,PT,83531,0,0,1,0,1,1,0,0,SPA,4897
face-to-face,1,other,34,male,0,1,2022-07-16,NO,87462,1,1,0,0,0,0,0,0,SPA,8335
online,1,spouse,63,male,1,1,2024-10-17,CH,45016,1,0,0,0,0,1,0,1,ITA,7400
telephone,2,parent,33,male,0,0,2023-03-08,IE,70890,1,0,0,0,1,1,0,1,NOR,8693
online,2,other,73,male,0,0,2023-05-20,GB,58717,0,1,0,1,0,0,1,0,SPA,7959
face-to-face,1,spouse,50,male,0,1,2023-04-21,BE,22823,1,1,1,0,1,1,1,0,SPA,7778
online,1,child,73,female,0,1,2023-07-11,IT,72412,0,0,0,0,1,0,0,1,FRE,2060
online,1,other,48,female,0,0,2022-03-01,PT,86061,1,0,0,1,1,0,1,0,FRE,6085
online,1,other,38,female,0,1,2023-05-29,GB,11582,0,1,0,1,0,0,1,0,ITA,2652
face-to-face,1,other,58,female,1,1,2024-08-07,AT,59753,1,1,0,1,1,0,0,0,ITA,4429
telephone,1,none,70,female,1,0,2022-08-03,ES,81006,0,0,0,1,1,0,0,1,ENG,7010
online,1,spouse,42,male,0,0,2022-05-01,NL,26984,0,1,1,0,1,0,0,1,ITA,6153
face-to-face,1,none,56,male,0,1,2022-10-17,FR,68667,0,0,0,0,0,0,1,0,GER,8972
face-to-face,2,spouse,22,female,1,1,2022-09-24,IT,45210,0,0,1,1,0,0,1,0,SPA,3065
online,2,parent,67,female,1,0,2023-01-27,FR,40996,0,1,1,1,0,1,1,0,ITA,2689
face-to-face,1,other,31,male,1,1,2023-04-22,PT,76605,0,1,0,1,1,0,1,1,SPA,2175
face-to-face,1,child,40,female,1,1,2022-01-04,PT,79151,1,0,1,1,1,0,0,0,FRE,5129
face-to-face,2,parent,64,male,0,1,2024-08-24,FR,39841,1,1,0,0,0,1,1,1,SPA,2154
telephone,1,child,50,female,1,1,2024-07-10,IT,29910,0,0,0,0,0,0,1,0,NOR,1435
online,1,child,76,female,0,1,2023-04-10,AT,41885,0,1,1,1,0,0,1,0,NOR,5783
face-to-face,1,parent,45,female,1,1,2024-04-10,ES,25337,1,1,0,1,0,1,1,0,FRE,2536
telephone,1,other,71,male,1,0,2024-10-17,CH,88708,0,1,1,0,0,1,1,1,ENG,6464
face-to-face,2,other,53,female,1,0,2022-04-25,ES,82529,1,1,1,1,1,0,0,1,SPA,4639
face-to-face,2,parent,46,female,0,0,2023-12-09,NO,45932,0,1,1,0,1,1,0,1,SPA,1258
online,1,parent,53,male,0,1,2022-07-08,ES,20223,0,0,1,0,0,0,1,1,ENG,8599
telephone,1,spouse,46,female,1,1,2022-07-13,FR,23476,0,1,0,0,1,0,1,0,GER,7618
face-to-face,1,none,69,female,1,1,2024-01-09,GB,84173,0,0,0,1,1,1,1,0,ENG,7834
telephone,2,spouse,77,female,0,0,2023-09-19,PT,46279,1,0,0,1,0,0,1,1,ITA,1812
online,1,spouse,60,female,0,1,2024-07-25,ES,21401,1,0,1,0,0,0,1,0,ENG,8981
face-to-face,2,child,73,female,1,1,2023-01-17,IT,11929,1,1,0,1,1,0,1,1,NOR,6721
online,1,parent,63,male,0,0,2022-12-15,DK,29574,1,1,1,1,1,0,1,0,FRE,5591
telephone,1,child,26,female,0,0,2022-03-03,BE,72606,0,0,1,1,1,0,0,0,NOR,2193
telephone,1,spouse,53,female,1,0,2023-03-18,PT,45651,0,0,1,1,0,1,0,0,GER,5106
online,1,parent,28,male,1,1,2023-12-31,PT,66067,0,0,0,0,0,1,1,0,GER,5758
face-to-face,2,parent,76,female,1,1,2023-08-11,IE,53003,1,0,0,1,0,0,1,1,FRE,8574
face-to-face,1,other,50,male,1,1,2022-12-12,ES,67234,0,0,1,1,0,0,0,1,ENG,5010
telephone,2,other,71,female,1,0,2024-01-19,PT,41483,1,1,1,0,1,1,1,0,ITA,5813
online,1,other,63,male,1,0,2024-10-07,FR,50579,0,1,0,0,0,1,1,1,GER,9770
telephone,1,other,76,female,0,1,2023-11-02,BE,64270,0,1,0,0,0,1,0,0,SPA,9999
face-to-face,1,parent,65,male,0,0,2022-04-22,IT,88155,1,0,0,0,0,1,1,0,NOR,8178
online,1,none,24,male,0,0,2023-05-22,DE,61565,0,1,0,0,0,0,0,0,NOR,5783
online,2,parent,56,female,0,1,2023-07-30,NO,45411,1,1,0,1,0,1,0,0,ENG,2883
face-to-face,1,none,58,male,0,1,2023-09-22,FR,43046,0,0,0,1,1,1,1,1,GER,7342
telephone,2,spouse,42,female,0,0,2023-02-13,NL,81935,0,0,1,1,1,1,1,1,ENG,9480
online,1,other,22,female,0,0,2024-12-21,IT,55859,1,0,1,0,1,0,1,0,ITA,6192
face-to-face,1,child,29,male,1,1,2023-05-08,CH,37963,1,0,0,1,1,1,0,0,NOR,5968
face-to-face,2,child,38,female,1,1,2023-09-10,BE,42840,1,0,1,0,0,1,1,1,SPA,9933
telephone,1,spouse,41,male,1,0,2022-07-05,PT,63301,0,0,0,0,1,0,1,1,FRE,9586
face-to-face,2,other,52,male,0,0,2022-08-09,BE,64138,0,0,1,1,1,0,0,1,ITA,9184
online,1,none,19,male,1,0,2023-08-21,BE,88664,0,0,1,0,0,0,1,0,SPA,7018
telephone,1,spouse,61,male,0,1,2024-07-04,PT,18207,1,1,1,0,0,1,1,1,ITA,1984
online,2,child,59,male,1,1,2024-10-28,DK,18070,1,0,0,0,1,0,0,0,ITA,3488
face-to-face,2,other,31,female,0,1,2024-10-05,DK,51860,0,1,1,1,1,1,1,1,FRE,8552
telephone,2,parent,67,male,0,1,2023-05-25,PT,55176,1,0,0,1,1,0,0,0,FRE,6684
telephone,1,none,61,female,0,0,2024-03-23,IE,67407,1,1,1,1,0,0,1,0,FRE,3073
telephone,1,parent,76,male,0,1,2022-03-19,AT,45749,0,1,1,0,1,1,0,0,GER,3216
telephone,2,child,31,female,1,0,2022-06-28,FR,70326,1,0,0,0,1,0,0,0,NOR,7544
face-to-face,1,none,23,female,1,1,2023-01-13,BE,25883,0,0,0,0,0,0,1,0,FRE,4741
online,1,none,36,female,0,0,2023-04-30,FR,73978,1,0,0,1,1,1,0,0,FRE,1420
telephone,1,parent,80,female,1,0,2023-06-16,DK,37449,0,1,1,0,0,0,0,1,SPA,5823
online,2,other,53,female,1,0,2022-02-12,BE,84522,1,0,1,1,1,0,1,0,ITA,1924
online,2,child,32,male,0,0,2024-07-09,GB,49644,0,0,1,1,1,0,1,0,ENG,2329
face-to-face,2,child,64,female,1,1,2024-08-24,AT,93366,1,1,1,1,0,1,0,1,SPA,6049
telephone,1,parent,65,female,1,0,2023-02-13,FI,53368,1,1,0,0,0,1,1,1,NOR,8875
telephone,2,child,44,female,1,0,2022-10-01,SE,28647,0,0,0,0,1,1,1,1,NOR,5447
online,1,spouse,75,male,0,0,2023-09-12,DE,96725,0,0,1,1,1,0,1,1,SPA,5013
face-to-face,1,child,40,female,0,1,2023-01-10,PT,35219,0,0,1,1,0,1,0,0,FRE,6106
telephone,2,none,21,male,0,1,2024-07-24,BE,23379,0,0,0,0,1,0,0,1,ITA,5113
online,1,other,27,male,0,0,2023-02-09,NO,25737,0,1,0,0,1,1,0,0,ITA,3711
face-to-face,2,parent,40,female,1,0,2023-06-28,CH,48572,0,0,1,1,0,1,1,1,ITA,9358
face-to-face,1,spouse,44,female,1,1,2022-01-17,DK,27955,1,1,0,0,1,1,0,0,ITA,5248
online,1,none,43,male,0,1,2022-03-13,GB,30614,0,1,0,0,1,1,1,0,ITA,2094
telephone,1,other,72,female,1,0,2024-09-20,IT,85484,0,1,0,1,1,1,0,0,GER,2996
telephone,1,parent,66,female,0,1,2022-03-03,NL,62663,1,1,1,1,0,0,0,1,GER,7632
face-to-face,2,parent,30,male,1,1,2024-04-02,DE,67202,1,0,1,1,0,1,1,0,ENG,8098
online,1,child,44,male,1,1,2024-07-18,DE,16909,1,1,0,1,0,1,1,1,GER,1188
telephone,2,spouse,75,female,0,1,2022-03-27,GB,20496,0,1,0,1,0,0,1,1,GER,5978
telephone,1,child,19,female,0,0,2022-01-04,CH,39468,1,1,1,1,0,1,1,0,ENG,7541
face-to-face,2,none,78,female,1,1,2023-10-27,FI,35653,0,1,1,1,1,0,0,0,GER,2646
online,1,parent,80,female,1,0,2023-12-25,SE,88136,0,0,0,1,1,0,0,1,NOR,9335
online,2,child,29,male,0,1,2024-07-05,ES,19837,1,1,0,0,1,0,1,1,ENG,7214
face-to-face,2,parent,69,male,0,0,2023-02-23,DK,96542,0,1,0,1,0,0,0,1,SPA,2741
telephone,2,spouse,49,male,1,1,2023-02-20,IE,40743,1,0,1,1,0,0,0,1,GER,7210
online,2,other,40,female,0,1,2022-10-17,CH,92597,1,1,1,1,1,0,0,1,ENG,4915
online,1,none,79,male,1,1,2022-03-20,FR,87860,0,1,0,1,0,0,0,1,NOR,2273
face-to-face,1,none,20,female,1,0,2024-11-01,FR,48036,0,1,1,1,1,1,1,0,ITA,1030
online,1,spouse,58,female,1,0,2022-06-16,CH,22756,0,0,1,0,1,1,1,0,NOR,1664
face-to-face,1,parent,80,female,0,0,2024-07-16,AT,57505,0,0,1,1,1,0,1,0,ITA,2893
face-to-face,2,parent,22,female,0,0,2024-02-25,DE,53103,0,1,0,1,0,0,1,1,ITA,1998
online,2,child,27,male,1,1,2023-05-16,AT,90782,1,0,1,1,1,0,0,0,FRE,5301
telephone,2,spouse,46,female,0,1,2024-06-08,NO,92889,1,1,0,1,1,0,1,1,SPA,1273
face-to-face,1,child,77,male,1,1,2023-09-17,DK,38932,1,1,0,0,1,0,1,0,ITA,4473
online,1,none,40,male,1,1,2022-08-14,DE,50942,0,0,1,1,0,0,1,1,FRE,6209
telephone,1,parent,39,female,0,1,2022-10-16,FI,73805,1,1,1,0,0,0,0,1,SPA,9217
telephone,1,parent,74,male,1,1,2023-04-05,SE,80651,0,1,1,0,0,0,1,1,ITA,4564
telephone,2,parent,49,male,0,1,2024-08-27,SE,18389,1,0,0,0,0,0,1,0,SPA,7051
face-to-face,1,spouse,27,female,0,1,2022-11-11,CH,13870,1,1,1,0,1,1,1,0,ITA,4199
face-to-face,1,none,29,male,1,1,2023-07-30,SE,20725,0,1,1,0,0,0,1,0,SPA,7193
telephone,2,parent,56,female,0,1,2023-04-05,IT,39739,1,0,0,0,0,0,0,0,ENG,1910
face-to-face,2,other,56,male,1,0,2022-06-30,BE,88244,0,1,1,1,1,1,1,0,NOR,7330
online,2,parent,49,female,0,0,2022-09-21,DE,24700,1,1,0,0,0,1,0,0,ENG,4565
telephone,2,other,42,female,0,1,2023-09-17,BE,70381,0,1,1,1,0,0,1,0,GER,6214
online,2,none,51,male,0,0,2022-08-20,DE,34867,1,1,1,1,1,1,0,1,GER,5335
online,2,none,33,male,1,0,2023-04-04,DE,46842,1,1,0,1,1,0,0,0,ENG,5759
telephone,2,spouse,18,female,0,1,2023-01-26,NL,52625,1,1,0,0,1,0,0,0,SPA,5131
telephone,2,parent,80,male,1,1,2024-06-09,GB,13547,0,0,1,1,0,0,0,0,GER,7268
online,2,spouse,37,female,0,0,2022-01-03,FR,75690,0,0,1,0,0,0,1,1,GER,5817
online,1,other,36,male,1,0,2023-02-21,DE,60545,0,1,1,0,0,1,0,1,ITA,5144
face-to-face,2,child,58,male,1,1,2022-05-02,NL,12863,1,1,0,1,1,1,1,1,ENG,9668
telephone,2,none,42,male,0,1,2022-12-24,FR,57503,1,1,0,1,1,1,1,0,GER,9982
face-to-face,1,other,27,male,0,0,2023-03-11,DE,44285,1,0,0,1,1,1,1,0,SPA,4615
face-to-face,1,parent,25,male,1,0,2024-05-27,BE,39198,0,0,1,0,0,1,1,0,SPA,1711
online,2,other,32,male,0,1,2023-09-02,IT,70193,1,1,1,1,1,1,0,1,ENG,6374
telephone,2,parent,41,female,1,1,2024-06-11,GB,35788,1,1,0,1,1,0,0,1,ENG,4269
face-to-face,1,none,28,female,0,1,2023-04-15,GB,53290,0,1,0,0,0,1,1,1,ENG,7420
online,1,spouse,66,male,0,0,2023-08-13,DK,99289,1,1,0,0,1,0,1,1,NOR,5220
online,2,none,52,female,1,1,2022-08-29,FR,26347,1,0,1,0,0,0,1,0,SPA,8260
face-to-face,2,parent,23,male,1,0,2024-10-01,BE,59020,0,1,0,0,1,0,1,0,SPA,2634
online,1,spouse,69,female,1,0,2022-09-04,FI,15774,0,0,0,0,1,1,1,0,NOR,1432
face-to-face,1,none,45,female,0,0,2023-12-23,NL,85225,1,0,1,0,0,0,1,0,FRE,5097
online,2,other,54,female,0,0,2023-08-09,IE,44588,0,1,1,0,0,1,1,1,ITA,1614
face-to-face,1,none,36,female,1,1,2024-01-13,FR,23710,0,0,1,0,0,1,1,1,SPA,2760
online,1,spouse,29,male,0,0,2022-07-19,IE,97295,1,0,0,1,1,1,0,0,GER,2965
online,1,spouse,75,female,1,1,2023-01-23,FR,15263,0,0,0,0,1,0,1,1,SPA,1873
telephone,2,none,29,female,1,1,2023-12-09,NL,92650,1,0,1,1,0,0,1,1,ITA,8949
face-to-face,2,none,67,male,0,1,2024-03-14,NL,96784,1,0,0,1,0,0,0,1,SPA,2807
telephone,1,none,48,male,1,1,2022-02-01,AT,30554,1,1,0,1,1,0,0,1,SPA,6013
face-to-face,2,parent,78,male,1,0,2022-04-25,SE,90022,0,0,1,0,0,0,1,0,ENG,4108
telephone,1,parent,72,male,0,0,2022-06-21,NL,20005,1,0,0,1,1,1,1,0,ENG,7296
telephone,1,parent,53,male,0,1,2024-03-15,DK,46843,0,1,0,1,1,1,0,0,SPA,4619
telephone,1,child,19,male,1,0,2023-01-02,DK,47526,1,1,0,1,1,1,0,1,FRE,7382
telephone,1,other,31,male,0,1,2022-12-21,GB,96939,1,0,0,1,1,1,0,1,ITA,3655
telephone,1,other,79,male,0,0,2024-11-05,NO,11666,1,1,0,1,0,0,1,0,ITA,9184
online,2,spouse,50,male,0,1,2022-03-05,DK,56677,0,0,1,0,0,0,0,0,SPA,8902
telephone,2,spouse,58,male,1,0,2024-07-20,SE,35701,0,1,0,1,1,0,0,0,SPA,7958
face-to-face,1,other,67,female,0,1,2023-02-26,NL,65224,0,1,0,0,1,1,1,0,FRE,5534
telephone,2,other,28,female,0,1,2024-07-27,GB,15473,0,1,0,1,1,1,1,0,ITA,5756
online,2,child,34,female,0,0,2022-05-29,FI,49081,1,0,0,0,0,0,0,1,SPA,4865
face-to-face,2,child,50,female,0,0,2023-06-01,NL,70211,0,0,1,0,0,0,1,1,SPA,2162
online,2,parent,28,female,0,1,2023-04-21,IE,43648,1,0,1,1,0,0,0,1,ENG,9625
telephone,2,none,64,female,0,1,2024-01-07,NL,57140,1,1,1,0,1,1,1,1,GER,8639
online,1,none,46,female,1,1,2024-10-05,ES,95148,1,0,1,0,1,0,0,1,GER,9510
telephone,2,parent,51,male,0,0,2024-07-18,IE,82080,0,1,1,1,1,0,1,0,ENG,7942
face-to-face,1,none,61,male,0,1,2023-02-01,DE,17266,0,0,1,1,0,1,0,0,ENG,2127
telephone,2,spouse,49,female,0,1,2024-10-20,IT,89449,0,0,0,0,1,0,1,0,SPA,7897
face-to-face,2,spouse,31,female,0,0,2024-09-29,AT,14973,0,1,0,0,0,0,0,0,FRE,7789
face-to-face,2,child,32,female,1,1,2023-03-12,NO,70828,0,1,1,1,1,1,0,1,SPA,7076
face-to-face,2,other,50,male,0,1,2022-06-29,ES,18213,1,0,1,0,0,0,0,0,ENG,8734
telephone,1,none,52,female,1,1,2024-11-21,IT,11057,1,1,1,1,1,0,1,0,SPA,5419
face-to-face,2,other,39,male,0,0,2024-02-24,IE,87055,0,1,0,1,1,0,1,0,ITA,1851
telephone,1,parent,67,male,0,1,2023-12-22,FR,81252,1,1,1,0,0,0,1,0,ITA,7685
telephone,1,child,54,female,0,1,2024-08-13,FR,38150,1,0,1,1,1,0,0,0,ITA,2325
online,1,parent,54,male,0,0,2024-05-30,IT,63087,0,1,1,1,0,1,1,1,FRE,6501
telephone,1,none,57,female,0,0,2024-12-16,NL,83057,1,0,0,0,1,0,0,1,FRE,4839
face-to-face,2,other,59,male,0,0,2022-12-17,AT,31964,1,1,1,1,0,0,0,1,ITA,7650
online,1,parent,59,male,1,0,2023-05-02,DE,48561,1,0,1,0,0,0,1,0,ITA,4255
face-to-face,1,other,53,male,1,0,2022-10-25,GB,50412,1,1,1,0,0,1,1,1,GER,7162
telephone,1,child,19,male,1,0,2022-04-27,FR,90511,1,0,1,1,1,0,0,1,FRE,9716
online,2,other,53,male,0,0,2023-05-13,DE,34273,1,0,1,0,0,0,0,0,NOR,3013
online,1,other,19,male,0,1,2024-01-09,FI,55560,0,1,1,1,0,0,1,0,GER,3696
online,1,child,58,female,1,1,2022-03-26,FI,25420,0,1,1,1,0,1,0,0,NOR,2510
face-to-face,1,spouse,51,male,1,1,2022-04-01,FR,88004,1,1,0,1,0,1,1,1,FRE,8758
face-to-face,2,none,65,male,1,0,2022-03-21,BE,99793,1,0,0,0,0,1,0,0,SPA,7411
telephone,1,other,40,female,1,0,2022-04-02,FR,88820,0,1,0,0,1,0,0,0,SPA,7101
face-to-face,2,parent,68,male,0,1,2024-08-26,IE,74469,1,0,1,1,0,1,1,1,ITA,1545
online,2,parent,41,female,1,0,2022-03-22,SE,75463,0,1,0,0,0,0,1,1,NOR,7180
online,2,none,56,male,0,1,2022-06-25,FI,40337,0,1,1,0,1,1,1,1,ITA,4840
face-to-face,1,child,57,female,1,0,2023-10-15,ES,15795,0,0,1,1,1,1,1,0,SPA,7138
online,2,spouse,54,male,0,1,2023-05-30,CH,96877,0,0,0,0,1,1,1,1,ENG,6846
online,1,child,67,male,0,1,2024-09-03,SE,22410,1,1,1,0,0,0,0,1,SPA,7329
telephone,1,other,45,male,0,0,2022-06-11,BE,85091,1,1,1,0,0,0,0,1,ITA,4406
face-to-face,2,child,32,female,1,0,2023-09-28,AT,61069,0,1,0,1,0,0,1,0,NOR,7039
online,2,other,50,male,0,0,2023-02-04,PT,81562,0,1,0,1,1,0,0,1,FRE,3711
online,1,child,37,male,0,0,2024-04-21,IT,12608,1,1,1,0,0,1,0,0,ITA,9244
online,2,none,61,male,0,1,2024-01-08,FI,96812,1,0,1,0,1,1,1,1,ENG,8598
face-to-face,2,child,53,female,1,0,2022-04-05,AT,61093,1,1,0,0,0,0,0,0,SPA,8588
face-to-face,1,other,79,female,1,1,2024-04-30,DK,71318,0,1,0,1,0,1,0,1,ITA,3354
online,2,child,45,male,1,0,2024-07-29,PT,15509,0,1,0,0,0,0,0,0,ITA,8988
online,2,spouse,73,female,1,1,2024-07-06,NO,66005,1,1,0,1,0,1,0,1,FRE,6768
online,2,child,25,female,0,1,2024-10-24,AT,89694,0,0,0,0,1,1,0,1,NOR,3235
online,1,other,54,male,0,0,2022-09-15,DE,22372,1,0,1,1,0,0,1,1,GER,8846
face-to-face,2,none,62,male,1,1,2022-05-21,FI,42288,1,0,0,1,1,0,1,1,SPA,1450
online,1,parent,28,female,0,0,2024-06-13,GB,71484,1,1,1,0,1,0,0,0,FRE,8247
telephone,2,other,70,male,0,1,2022-02-14,CH,53659,1,0,0,0,1,0,0,0,GER,4316
telephone,2,none,77,female,1,0,2023-01-28,GB,81147,1,0,1,0,0,0,1,1,SPA,7061
face-to-face,2,parent,42,female,0,0,2022-07-26,FR,67653,1,1,1,0,0,0,0,1,FRE,6953
face-to-face,1,none,23,female,0,0,2022-10-20,PT,21942,0,1,0,0,1,1,0,0,GER,5265
face-to-face,1,spouse,60,male,0,0,2023-09-19,CH,26762,1,0,0,0,0,1,0,1,GER,5555
telephone,2,child,73,female,1,1,2022-06-17,SE,97761,1,0,0,0,0,1,1,0,ITA,5279
face-to-face,1,parent,33,female,0,1,2023-03-09,NO,89124,0,1,0,1,1,1,1,1,NOR,5420
telephone,2,spouse,56,female,1,0,2022-04-30,SE,62947,0,0,0,0,1,1,0,1,NOR,9475
telephone,1,child,55,male,1,0,2024-04-23,CH,98650,1,0,1,0,1,1,1,0,ITA,9352
face-to-face,1,spouse,43,male,0,1,2024-06-29,FI,85150,0,0,0,0,1,1,1,1,SPA,9169
online,1,parent,18,female,1,1,2024-04-13,PT,75388,0,1,0,0,1,0,1,0,ENG,6425
telephone,2,none,47,female,1,0,2023-11-19,GB,52678,1,0,0,0,0,1,0,1,GER,2674
face-to-face,1,spouse,75,male,1,0,2024-09-08,IE,13999,1,0,1,1,1,0,0,1,GER,2976
online,1,spouse,37,female,0,0,2022-02-12,NO,43416,0,0,0,0,1,0,0,0,SPA,2798
telephone,1,child,21,female,1,0,2024-08-06,DE,12394,1,0,0,0,0,0,1,0,FRE,6669
face-to-face,2,spouse,33,female,1,1,2022-11-08,DE,66936,1,1,0,0,1,1,1,0,NOR,9905
online,2,spouse,19,female,0,0,2023-01-03,AT,74273,1,0,1,1,0,0,0,0,ENG,5803
telephone,2,child,32,male,0,0,2023-10-26,AT,31669,1,1,1,0,1,0,1,0,NOR,4148
online,1,parent,25,male,1,0,2024-10-23,ES,72738,0,0,1,0,1,1,0,1,ITA,5771
telephone,1,other,49,male,0,1,2024-11-27,GB,87145,1,0,1,0,1,0,1,0,ENG,2629
face-to-face,2,none,63,male,0,0,2023-07-08,IT,62403,1,1,0,1,0,0,1,0,ITA,1417
face-to-face,1,child,73,female,0,0,2022-02-19,IE,77942,0,1,1,0,1,1,0,0,FRE,2058
online,1,other,28,female,1,0,2024-03-02,NO,21540,1,0,0,0,1,0,0,1,NOR,4733
telephone,1,other,40,male,1,0,2023-05-17,NL,78137,1,0,1,1,0,1,0,0,GER,1987
online,1,parent,49,female,1,1,2022-06-15,NL,86521,0,0,0,0,1,0,1,0,GER,3725
telephone,2,child,55,female,1,0,2023-11-22,AT,85193,1,0,1,1,1,0,1,1,ITA,5441
telephone,1,none,64,female,1,1,2024-10-30,FI,87628,0,0,0,1,1,1,1,0,ENG,3965
face-to-face,2,spouse,67,male,1,1,2022-02-25,DK,94805,0,1,1,0,0,0,0,0,NOR,3988
telephone,2,parent,45,female,0,0,2023-10-14,DE,72313,1,1,0,1,1,1,1,1,SPA,1288
online,1,other,44,male,0,0,2024-09-19,NL,32970,0,0,1,1,1,1,0,1,FRE,7328
online,2,child,73,male,1,0,2022-12-14,NO,60038,0,0,0,1,1,0,1,1,FRE,3414
online,2,child,67,female,1,1,2023-12-27,IE,45672,1,1,0,0,1,0,1,1,SPA,3627
face-to-face,1,other,80,female,1,0,2023-12-01,PT,32129,1,0,1,1,1,0,0,0,NOR,1581
online,1,child,25,female,1,0,2024-01-06,IT,54340,1,0,0,0,1,1,1,0,ENG,6970
telephone,2,none,78,female,0,0,2024-08-23,FR,97576,0,0,0,0,1,0,0,1,ENG,7706
telephone,2,none,60,male,0,1,2024-06-15,PT,96061,0,1,1,1,0,1,1,0,FRE,9886
online,1,parent,63,male,1,0,2024-02-12,AT,58800,1,0,1,0,0,0,1,0,NOR,8167
online,1,child,45,male,1,0,2022-02-22,BE,53829,1,1,0,1,1,0,0,0,ITA,5926
face-to-face,1,parent,21,female,0,0,2024-01-16,DE,61431,1,1,0,0,0,0,1,1,NOR,4624
face-to-face,1,spouse,52,male,1,1,2023-01-02,FI,27713,1,1,1,1,1,1,0,0,GER,3865
face-to-face,1,other,72,female,0,1,2024-12-17,DE,31297,0,0,1,0,1,0,1,1,ITA,5638
telephone,1,other,45,female,1,1,2023-07-06,FR,17267,1,1,1,1,0,0,0,1,GER,7142
face-to-face,2,spouse,59,female,0,1,2022-09-18,DE,80156,1,1,1,0,1,0,1,0,GER,8112
online,2,spouse,61,male,0,0,2022-06-25,NL,80466,1,0,1,0,1,0,1,1,NOR,1459
face-to-face,2,spouse,70,male,0,0,2024-12-28,FI,32382,0,0,0,0,1,0,0,0,ITA,6969
online,2,parent,58,male,1,1,2024-08-03,NO,43647,1,0,1,0,0,0,1,0,ENG,8519
face-to-face,2,none,50,male,1,0,2023-06-09,IE,83990,1,1,1,1,1,1,0,1,SPA,2377
face-to-face,1,other,19,male,0,0,2022-11-03,FI,46813,1,1,0,0,1,1,0,0,NOR,1041
telephone,1,other,20,female,0,1,2022-05-07,NO,52594,1,1,0,0,1,0,1,1,GER,9125
online,1,none,64,female,1,1,2023-10-05,BE,37756,0,1,1,0,0,0,0,0,ENG,7441
telephone,2,parent,24,female,0,0,2022-02-16,SE,13750,1,1,0,1,1,0,1,0,SPA,8449
face-to-face,2,child,54,female,1,1,2024-04-04,DK,14802,0,0,0,0,0,0,1,0,FRE,9094
online,1,none,70,female,1,0,2024-10-31,PT,39971,0,0,1,0,0,1,1,0,FRE,3261
telephone,1,spouse,33,male,0,1,2024-04-24,SE,87321,0,0,0,1,0,1,0,0,SPA,8543
face-to-face,2,parent,57,female,0,0,2024-11-05,DE,32398,0,1,1,1,1,1,0,1,SPA,8973
face-to-face,1,other,47,female,1,1,2024-06-07,DE,54460,1,1,1,0,0,1,0,0,GER,1783
online,1,spouse,61,male,1,1,2023-11-03,DE,42800,0,1,1,0,1,0,1,0,NOR,3674
online,1,none,46,male,0,1,2022-08-15,NL,96285,0,1,0,0,1,1,0,0,NOR,2225
telephone,2,other,61,female,1,1,2023-07-20,BE,81815,1,1,0,0,1,1,1,1,SPA,1267
telephone,1,none,30,male,1,0,2023-03-08,CH,42506,1,0,1,1,0,1,0,1,FRE,9407
telephone,2,child,33,female,0,1,2023-10-04,AT,83785,1,1,1,1,0,1,1,1,SPA,2832
telephone,2,spouse,46,male,1,0,2024-03-17,FR,64802,0,0,0,0,0,0,1,0,SPA,7879
online,1,none,43,female,1,1,2022-08-07,ES,36544,0,0,0,0,1,0,0,0,NOR,1209
telephone,2,other,61,female,1,1,2022-02-10,FI,57780,0,1,1,1,1,1,0,0,GER,2786
face-to-face,1,child,55,male,0,1,2022-03-15,AT,14892,1,0,1,0,1,1,0,0,FRE,8336
face-to-face,1,other,59,female,0,0,2022-06-08,SE,10718,0,1,1,1,0,1,1,0,FRE,5954
telephone,2,child,41,female,0,0,2024-11-27,DK,50637,0,0,1,1,1,1,1,0,GER,5630
online,2,child,62,female,0,1,2023-11-23,NO,71848,0,1,0,1,0,0,1,0,ENG,7911
online,2,other,44,male,1,0,2024-08-16,NL,28168,1,1,0,0,1,1,1,1,FRE,4571
online,2,spouse,46,male,0,1,2023-09-29,BE,45109,0,0,0,1,0,1,0,1,SPA,8784
online,2,none,59,male,1,0,2022-11-23,NO,64527,0,1,1,1,1,0,1,1,ENG,1822
telephone,1,none,36,female,1,0,2023-02-08,NL,14737,1,0,0,1,0,1,0,1,FRE,5115
face-to-face,2,other,49,male,0,1,2024-12-11,DK,42828,1,1,0,0,0,1,1,1,FRE,6050
telephone,1,child,52,male,1,0,2023-01-09,CH,19993,1,0,0,1,1,0,0,1,GER,2319
online,1,child,45,female,1,1,2024-11-29,DK,25497,0,1,0,1,0,1,0,0,FRE,6527
online,2,none,71,female,0,1,2024-10-03,CH,34925,1,1,0,1,1,0,0,1,ENG,1610
telephone,1,child,62,male,0,0,2024-12-18,IE,82758,1,1,0,0,0,0,0,0,NOR,2388
face-to-face,2,spouse,77,female,1,0,2024-11-29,GB,33120,1,0,1,0,0,0,0,1,NOR,5198
telephone,1,spouse,46,female,1,0,2023-07-08,IE,36694,1,0,1,0,0,1,0,0,ITA,5030
face-to-face,1,none,65,female,1,0,2023-01-03,NL,18095,0,1,0,1,1,1,1,1,ITA,1420
online,2,other,77,female,1,0,2022-02-09,FI,14461,1,1,1,1,0,0,1,0,ITA,3915
telephone,1,none,79,female,1,1,2023-08-21,AT,88826,1,0,1,0,0,0,1,1,ITA,6428
telephone,2,other,56,male,1,0,2023-12-03,NL,36650,1,1,1,0,0,1,0,1,ITA,1841
telephone,1,none,35,female,1,1,2024-03-17,GB,87358,1,0,0,1,0,1,1,1,GER,5656
online,1,none,21,female,1,1,2022-10-02,GB,34894,1,0,0,1,1,1,1,1,ENG,7485
online,2,other,31,male,0,0,2024-06-22,IT,67620,0,0,0,1,0,1,0,1,FRE,6795
telephone,1,spouse,57,male,1,0,2023-02-26,GB,12007,1,0,1,1,0,0,0,0,GER,4783
face-to-face,1,other,53,male,0,1,2023-10-19,NO,77410,0,0,1,1,0,0,0,1,ENG,4891
online,1,none,53,female,0,1,2023-06-29,FR,98462,0,0,0,0,1,0,0,0,FRE,2956
telephone,2,parent,71,male,0,0,2022-08-29,ES,38357,1,1,0,0,1,0,1,0,ITA,9905
telephone,2,spouse,22,female,0,1,2023-08-01,FI,54773,1,0,1,1,1,0,0,0,ENG,6353
telephone,2,none,49,female,1,0,2024-08-27,ES,65861,1,0,0,0,0,1,0,0,GER,2212
telephone,2,spouse,70,female,1,1,2024-02-09,NO,34325,1,0,1,1,1,0,0,1,FRE,6630
face-to-face,2,other,61,male,0,0,2024-05-23,FI,64543,1,1,1,0,0,0,0,1,FRE,4622
telephone,2,parent,64,male,1,0,2024-03-13,PT,72414,1,1,0,1,0,0,0,0,ENG,8369
face-to-face,2,child,42,female,1,1,2022-11-03,FI,84652,1,1,1,0,1,0,0,1,NOR,9386
face-to-face,2,child,74,female,1,1,2024-04-21,AT,85742,1,1,1,1,0,0,0,0,FRE,1764
face-to-face,1,none,40,male,0,1,2023-04-12,AT,47501,0,1,1,1,0,0,0,1,ITA,3475
telephone,2,spouse,35,female,1,0,2022-10-31,NL,52328,1,0,1,1,1,1,0,0,ITA,7889
telephone,2,child,21,female,0,0,2023-08-08,AT,89248,0,0,0,1,0,1,0,0,ITA,8701
online,2,child,79,male,0,1,2022-01-24,SE,22469,1,0,0,0,0,1,0,0,ENG,9209
telephone,2,other,42,male,0,0,2024-08-20,FR,69007,1,1,1,1,1,1,0,1,NOR,6558
telephone,1,other,61,female,1,1,2023-05-11,BE,79564,0,0,1,1,0,0,1,1,NOR,2524
face-to-face,1,none,75,female,0,0,2023-12-04,CH,22469,0,0,1,0,0,1,0,1,ITA,2203
telephone,1,spouse,71,male,0,0,2022-01-25,CH,30352,1,1,0,0,0,1,0,1,NOR,4291
face-to-face,2,other,53,male,1,1,2024-08-18,DK,87879,0,0,1,1,1,1,1,0,ENG,1311
online,2,parent,24,male,0,0,2023-04-29,FR,39712,0,0,1,0,1,0,0,1,SPA,3963
online,2,spouse,24,male,1,1,2024-03-04,PT,70137,0,0,0,1,0,1,1,0,SPA,4814
face-to-face,1,none,29,male,1,1,2023-07-08,GB,59703,1,1,1,1,1,1,1,1,SPA,2224
telephone,1,parent,54,male,1,0,2022-06-08,DK,85430,0,0,0,0,0,0,1,0,ITA,4784
face-to-face,2,parent,61,male,0,0,2024-06-08,DK,99888,1,0,0,1,1,0,1,0,NOR,1654
online,1,none,53,female,1,0,2023-11-25,PT,88060,0,0,1,1,0,1,0,1,NOR,4025
face-to-face,1,other,63,female,1,0,2024-03-21,IE,81455,1,0,0,1,1,1,1,0,SPA,1518
online,2,child,31,male,1,1,2023-12-05,CH,47156,0,1,0,1,0,0,1,0,ENG,1945
telephone,1,parent,31,male,0,0,2023-07-26,ES,67270,0,0,0,0,1,1,1,1,SPA,9796
face-to-face,2,spouse,61,male,0,1,2023-03-15,AT,56850,0,1,1,0,0,1,1,1,FRE,5812
telephone,1,none,51,male,0,1,2022-11-08,CH,35934,1,0,0,1,0,1,0,1,ENG,9935
telephone,2,none,23,male,1,0,2023-09-19,NO,42556,1,0,0,1,0,0,1,0,FRE,5481
online,2,child,58,female,1,1,2024-01-01,IT,22874,0,1,0,0,0,1,0,1,SPA,9707
telephone,1,parent,71,female,1,0,2023-06-30,FI,33665,1,1,1,0,1,1,1,1,ENG,8850
face-to-face,1,parent,79,female,0,1,2022-05-10,NO,67267,0,1,0,1,0,1,1,1,NOR,7927
online,2,spouse,73,male,0,1,2023-09-10,GB,36170,1,0,0,1,1,0,0,1,SPA,4175
face-to-face,2,child,77,male,1,1,2023-11-13,BE,98408,1,1,1,1,0,1,0,0,NOR,1511
telephone,2,other,26,female,1,0,2022-04-29,NO,99085,0,0,1,1,1,1,0,1,SPA,9169
telephone,1,none,49,male,0,0,2024-05-18,FI,81278,1,1,1,1,1,0,0,1,FRE,9121
online,2,parent,48,female,1,0,2022-08-18,BE,61529,0,1,0,1,1,1,1,1,NOR,4184
online,2,spouse,53,female,1,0,2023-11-14,IT,40714,0,1,1,0,0,0,1,0,ITA,2910
face-to-face,2,parent,53,male,0,1,2024-01-29,IT,67105,1,0,0,1,1,1,1,1,ITA,5282
face-to-face,1,other,79,female,1,0,2023-08-18,IE,53626,1,1,1,1,0,1,0,0,SPA,4186
online,1,parent,54,male,0,0,2024-11-08,IT,58719,0,1,1,0,0,1,0,0,NOR,8291
online,2,spouse,41,male,0,0,2022-02-27,BE,52328,0,0,1,1,1,0,1,1,ENG,9982
telephone,1,parent,68,male,0,1,2023-08-26,PT,25458,0,0,0,0,1,0,0,0,NOR,3765
telephone,1,child,21,female,1,0,2024-10-10,BE,71488,1,0,0,0,0,0,0,1,NOR,3731
online,1,child,34,male,0,0,2022-04-01,IE,90420,1,1,0,0,0,0,0,1,FRE,4170
telephone,2,spouse,58,male,0,1,2023-07-25,AT,81000,0,1,0,1,0,1,0,0,ENG,9284
telephone,1,other,77,female,1,1,2022-04-19,PT,29513,0,1,1,1,1,0,1,0,NOR,2880
face-to-face,1,none,65,male,0,0,2024-02-25,IT,47934,1,0,0,1,0,0,1,0,ITA,3192
face-to-face,1,none,75,female,1,1,2024-12-26,PT,19741,0,0,0,1,1,1,1,0,ITA,9441
face-to-face,1,other,45,female,0,0,2022-12-25,NL,85104,1,0,0,0,1,1,1,0,GER,4898
telephone,1,other,18,female,1,0,2022-12-04,NO,73807,0,1,1,1,0,1,1,0,ENG,5562
face-to-face,1,child,54,female,1,1,2023-07-24,FI,43243,0,0,0,1,1,0,1,1,GER,6857
telephone,2,child,38,female,0,0,2023-04-21,DE,17906,1,0,1,0,1,0,0,1,GER,9159
face-to-face,2,child,27,female,1,0,2024-01-10,DE,46739,0,1,1,1,0,0,0,1,ENG,9937
online,1,other,75,male,0,1,2023-06-08,PT,23285,1,1,0,0,1,1,0,1,SPA,8206
online,1,child,72,female,0,1,2022-01-08,BE,14576,1,1,0,0,0,1,0,0,ITA,4753
telephone,2,spouse,72,male,1,1,2022-09-19,IE,95046,0,0,1,0,1,1,0,1,ENG,4276
face-to-face,1,spouse,22,female,0,1,2024-03-26,CH,53654,0,1,1,1,0,0,1,0,ITA,3324
online,2,spouse,36,male,1,1,2024-12-01,ES,35064,1,1,0,0,1,1,1,0,GER,7049
telephone,1,parent,54,male,0,1,2023-11-02,NO,52660,0,0,1,0,0,0,0,0,NOR,2075
face-to-face,1,spouse,67,female,0,0,2024-11-05,GB,25865,0,0,0,1,1,1,1,1,NOR,5836
online,2,spouse,67,male,0,0,2024-07-09,CH,54307,1,1,1,0,1,1,0,0,GER,8741
face-to-face,2,parent,44,male,0,1,2024-01-22,PT,39537,1,0,1,1,0,0,1,1,ENG,4632
online,2,child,68,male,0,0,2022-07-18,NO,49531,0,1,1,0,0,0,1,0,SPA,1381
face-to-face,1,other,30,male,0,0,2024-10-16,PT,66825,0,0,0,1,0,1,0,1,ENG,1547
face-to-face,2,spouse,65,male,0,0,2024-01-23,AT,74289,0,1,0,0,0,1,1,1,GER,7925
face-to-face,1,child,38,female,0,1,2024-03-13,GB,85724,1,1,1,1,1,0,1,1,GER,6249
telephone,2,spouse,49,female,0,1,2023-01-05,DE,78149,1,1,0,1,1,0,0,0,SPA,1537
online,2,spouse,57,male,1,0,2022-10-25,IE,52414,0,0,1,0,1,1,0,0,ENG,4242
telephone,2,none,36,female,0,0,2023-03-21,NL,61690,0,0,1,1,0,0,0,0,SPA,7309
telephone,2,child,64,male,1,1,2023-09-21,NL,13885,1,0,0,1,1,0,0,1,GER,7330
face-to-face,1,parent,56,female,0,1,2024-04-14,IT,23420,1,1,0,0,0,0,0,0,FRE,8994
telephone,2,parent,47,female,0,1,2022-09-08,DE,49154,0,1,0,0,1,1,0,0,FRE,4130
telephone,1,other,65,male,0,1,2024-08-23,DK,51115,0,0,0,1,1,1,0,0,NOR,6972
telephone,2,spouse,29,female,1,1,2023-10-09,AT,17239,1,0,1,0,1,0,0,1,GER,3716
online,1,spouse,58,female,1,1,2022-12-13,ES,12479,1,1,1,0,0,1,1,1,SPA,5625
